{
  "attributes": {
    "namespace": "app.mdl"
  },
  "children": [
    {
      "attributes": {
        "name": "Maintenance_Assembly_Template",
        "twx-entity-type": "Things",
        "twx-entity-name": "Maintenance_Assembly_Template"
      },
      "name": "twx-model",
      "children": [
        {
          "attributes": {
            "name": "getTotalTime",
            "id": "getTotalTime_2"
          },
          "name": "twx-model-service"
        },
        {
          "attributes": {
            "name": "addStartTime",
            "id": "addStartTime_2"
          },
          "name": "twx-model-service",
          "children": [
            {
              "attributes": {
                "databind-id": "db-1626756894257",
                "source-type": "ui",
                "source-label": "Toggle Button",
                "source-name": "toggleButton-2",
                "source-item-type": "property",
                "source-item-name": "pressed",
                "binding-type": "widget_property",
                "from-expression": "app.view['Home'].wdg['toggleButton-2']['pressed']",
                "to-property": "newStart"
              },
              "name": "twx-databind"
            }
          ]
        },
        {
          "attributes": {
            "name": "addEndTime",
            "id": "addEndTime_2"
          },
          "name": "twx-model-service",
          "children": [
            {
              "attributes": {
                "databind-id": "db-1626756931145",
                "source-type": "ui",
                "source-label": "Toggle Button",
                "source-name": "toggleButton-1",
                "source-item-type": "property",
                "source-item-name": "pressed",
                "binding-type": "widget_property",
                "from-expression": "app.view['Home'].wdg['toggleButton-1']['pressed']",
                "to-property": "newEnd"
              },
              "name": "twx-databind"
            }
          ]
        },
        {
          "attributes": {
            "name": "newImage",
            "id": "newImage_2"
          },
          "name": "twx-model-service",
          "children": [
            {
              "attributes": {
                "databind-id": "db-1626757139528",
                "source-type": "ui",
                "source-label": "Camera",
                "source-name": "camera-2",
                "source-item-type": "property",
                "source-item-name": "image",
                "binding-type": "widget_property",
                "from-expression": "app.view['Home'].wdg['camera-2']['image']",
                "to-property": "newImage"
              },
              "name": "twx-databind"
            },
            {
              "attributes": {
                "databind-id": "db-1626757150422",
                "source-type": "ui",
                "source-label": "Text Input",
                "source-name": "textInput-1",
                "source-item-type": "property",
                "source-item-name": "text",
                "binding-type": "widget_property",
                "from-expression": "app.view['Home'].wdg['textInput-1']['text']",
                "to-property": "newNotes"
              },
              "name": "twx-databind"
            },
            {
              "attributes": {
                "databind-id": "db-1626757172592",
                "source-type": "ui",
                "source-label": "Text Input",
                "source-name": "textInput-2",
                "source-item-type": "property",
                "source-item-name": "text",
                "binding-type": "widget_property",
                "from-expression": "app.view['Home'].wdg['textInput-2']['text']",
                "to-property": "newUsername"
              },
              "name": "twx-databind"
            }
          ]
        }
      ]
    },
    {
      "attributes": {
        "id": "vumark",
        "isbound": "false",
        "isdeletable": "false",
        "name": "ThingMark",
        "value": ""
      },
      "name": "twx-app-param"
    },
    {
      "attributes": {
        "id": "template",
        "isbound": "false",
        "isdeletable": "false",
        "name": "Thing Template",
        "value": ""
      },
      "name": "twx-app-param"
    },
    {
      "attributes": {
        "id": "thing",
        "isbound": "false",
        "isdeletable": "false",
        "name": "Thing",
        "value": ""
      },
      "name": "twx-app-param"
    }
  ],
  "name": "twx-app-mdl"
}
