{
  "name": "",
  "version": "1.0.0",
  "requires": [
    "w320dp"
  ],
  "experiences": [
    {
      "vumark": "",
      "experienceType": "vumark",
      "id": 1,
      "index-keys": [],
      "title": {
        "en": "Maintenance Template"
      },
      "description": {
        "en": "",
        "en-US": ""
      },
      "requires": [
        "AR-tracking"
      ],
      "tags": [],
      "icon": "",
      "viewName": "Home",
      "url-template": "index.html?expId=1",
      "entryPoint": "index.html?expId=1",
      "thumbnail": ""
    }
  ],
  "widgetsUsage": [
    {
      "timestamp": "2021-05-26T13:58:07.027Z",
      "action": "SAVE",
      "usage": {
        "twx-view": 1,
        "twx-dt-view": 1,
        "twx-overlay": 1,
        "twx-overlay-container": 5,
        "twx-overlay-body": 1
      }
    },
    {
      "timestamp": "2021-05-28T15:18:10.691Z",
      "action": "SAVE",
      "usage": {
        "twx-view": 1,
        "twx-dt-view": 1,
        "twx-dt-model": 1,
        "twx-overlay": 1,
        "twx-overlay-container": 5,
        "twx-overlay-body": 1
      }
    },
    {
      "timestamp": "2021-05-28T15:18:47.022Z",
      "action": "SAVE",
      "usage": {
        "twx-view": 1,
        "twx-dt-view": 1,
        "twx-dt-model": 1,
        "twx-overlay": 1,
        "twx-overlay-container": 5,
        "twx-overlay-body": 1
      }
    },
    {
      "timestamp": "2021-05-28T15:49:36.832Z",
      "action": "SAVE",
      "usage": {
        "twx-view": 1,
        "twx-dt-view": 1,
        "twx-dt-model": 1,
        "twx-overlay": 1,
        "twx-overlay-container": 5,
        "twx-overlay-body": 1,
        "twx-dt-picture": 1,
        "twx-popup": 1,
        "twx-gridlayout": 3,
        "twx-row": 10,
        "twx-col": 10,
        "twx-text-input": 1,
        "twx-button": 1
      }
    },
    {
      "timestamp": "2021-06-04T19:55:22.768Z",
      "action": "SAVE",
      "usage": {
        "twx-view": 1,
        "twx-dt-view": 1,
        "twx-dt-model": 1,
        "twx-overlay": 1,
        "twx-overlay-container": 5,
        "twx-overlay-body": 1,
        "twx-dt-picture": 1,
        "twx-popup": 1,
        "twx-gridlayout": 3,
        "twx-row": 10,
        "twx-col": 10,
        "twx-text-input": 1,
        "twx-button": 1
      }
    },
    {
      "timestamp": "2021-06-04T19:55:49.773Z",
      "action": "SAVE",
      "usage": {
        "twx-view": 1,
        "twx-dt-view": 1,
        "twx-dt-model": 1,
        "twx-overlay": 1,
        "twx-overlay-container": 5,
        "twx-overlay-body": 1,
        "twx-dt-picture": 1,
        "twx-popup": 1,
        "twx-gridlayout": 3,
        "twx-row": 10,
        "twx-col": 10,
        "twx-text-input": 1,
        "twx-button": 1
      }
    },
    {
      "timestamp": "2021-06-04T20:04:58.961Z",
      "action": "SAVE",
      "usage": {
        "twx-view": 1,
        "twx-dt-view": 1,
        "twx-dt-model": 1,
        "twx-overlay": 1,
        "twx-overlay-container": 5,
        "twx-overlay-body": 1,
        "twx-dt-picture": 1,
        "twx-popup": 1,
        "twx-gridlayout": 3,
        "twx-row": 10,
        "twx-col": 10,
        "twx-text-input": 1,
        "twx-button": 1
      }
    },
    {
      "timestamp": "2021-06-04T20:05:21.666Z",
      "action": "SAVE",
      "usage": {
        "twx-view": 1,
        "twx-dt-view": 1,
        "twx-dt-model": 1,
        "twx-overlay": 1,
        "twx-overlay-container": 5,
        "twx-overlay-body": 1,
        "twx-dt-picture": 1,
        "twx-popup": 1,
        "twx-gridlayout": 3,
        "twx-row": 10,
        "twx-col": 10,
        "twx-text-input": 1,
        "twx-button": 1
      }
    },
    {
      "timestamp": "2021-06-04T20:05:45.723Z",
      "action": "SAVE",
      "usage": {
        "twx-view": 1,
        "twx-dt-view": 1,
        "twx-dt-model": 1,
        "twx-overlay": 1,
        "twx-overlay-container": 5,
        "twx-overlay-body": 1,
        "twx-dt-picture": 1,
        "twx-popup": 1,
        "twx-gridlayout": 3,
        "twx-row": 10,
        "twx-col": 10,
        "twx-text-input": 1,
        "twx-button": 1
      }
    },
    {
      "timestamp": "2021-06-04T20:17:05.650Z",
      "action": "SAVE",
      "usage": {
        "twx-view": 1,
        "twx-dt-view": 1,
        "twx-dt-model": 1,
        "twx-overlay": 1,
        "twx-overlay-container": 5,
        "twx-overlay-body": 1,
        "twx-dt-picture": 1,
        "twx-popup": 1,
        "twx-gridlayout": 3,
        "twx-row": 10,
        "twx-col": 10,
        "twx-text-input": 1,
        "twx-button": 1
      }
    },
    {
      "timestamp": "2021-06-04T20:17:18.755Z",
      "action": "SAVE",
      "usage": {
        "twx-view": 1,
        "twx-dt-view": 1,
        "twx-dt-model": 1,
        "twx-overlay": 1,
        "twx-overlay-container": 5,
        "twx-overlay-body": 1,
        "twx-dt-picture": 1,
        "twx-popup": 1,
        "twx-gridlayout": 3,
        "twx-row": 10,
        "twx-col": 10,
        "twx-text-input": 1,
        "twx-button": 1
      }
    },
    {
      "timestamp": "2021-06-04T20:17:31.031Z",
      "action": "SAVE",
      "usage": {
        "twx-view": 1,
        "twx-dt-view": 1,
        "twx-dt-model": 1,
        "twx-overlay": 1,
        "twx-overlay-container": 5,
        "twx-overlay-body": 1,
        "twx-dt-picture": 1,
        "twx-popup": 1,
        "twx-gridlayout": 3,
        "twx-row": 10,
        "twx-col": 10,
        "twx-text-input": 1,
        "twx-button": 1
      }
    },
    {
      "timestamp": "2021-06-04T20:17:47.210Z",
      "action": "SAVE",
      "usage": {
        "twx-view": 1,
        "twx-dt-view": 1,
        "twx-dt-model": 1,
        "twx-overlay": 1,
        "twx-overlay-container": 5,
        "twx-overlay-body": 1,
        "twx-dt-picture": 1,
        "twx-popup": 1,
        "twx-gridlayout": 3,
        "twx-row": 10,
        "twx-col": 10,
        "twx-text-input": 1,
        "twx-button": 1
      }
    },
    {
      "timestamp": "2021-06-04T20:18:10.174Z",
      "action": "SAVE",
      "usage": {
        "twx-view": 1,
        "twx-dt-view": 1,
        "twx-dt-model": 1,
        "twx-overlay": 1,
        "twx-overlay-container": 5,
        "twx-overlay-body": 1,
        "twx-dt-picture": 1,
        "twx-popup": 1,
        "twx-gridlayout": 3,
        "twx-row": 10,
        "twx-col": 10,
        "twx-text-input": 1,
        "twx-button": 1
      }
    },
    {
      "timestamp": "2021-06-04T20:18:28.989Z",
      "action": "SAVE",
      "usage": {
        "twx-view": 1,
        "twx-dt-view": 1,
        "twx-dt-model": 1,
        "twx-overlay": 1,
        "twx-overlay-container": 5,
        "twx-overlay-body": 1,
        "twx-dt-picture": 1,
        "twx-popup": 1,
        "twx-gridlayout": 3,
        "twx-row": 10,
        "twx-col": 10,
        "twx-text-input": 1,
        "twx-button": 1
      }
    },
    {
      "timestamp": "2021-06-04T20:23:15.277Z",
      "action": "SAVE",
      "usage": {
        "twx-view": 1,
        "twx-dt-view": 1,
        "twx-dt-model": 1,
        "twx-overlay": 1,
        "twx-overlay-container": 5,
        "twx-overlay-body": 1,
        "twx-dt-picture": 1,
        "twx-popup": 1,
        "twx-gridlayout": 3,
        "twx-row": 12,
        "twx-col": 12,
        "twx-text-input": 1,
        "twx-button": 1,
        "twx-label": 2
      }
    },
    {
      "timestamp": "2021-06-04T20:23:46.675Z",
      "action": "SAVE",
      "usage": {
        "twx-view": 1,
        "twx-dt-view": 1,
        "twx-dt-model": 1,
        "twx-overlay": 1,
        "twx-overlay-container": 5,
        "twx-overlay-body": 1,
        "twx-dt-picture": 1,
        "twx-popup": 1,
        "twx-gridlayout": 3,
        "twx-row": 12,
        "twx-col": 12,
        "twx-text-input": 1,
        "twx-button": 1,
        "twx-label": 2
      }
    },
    {
      "timestamp": "2021-06-04T20:24:16.291Z",
      "action": "SAVE",
      "usage": {
        "twx-view": 1,
        "twx-dt-view": 1,
        "twx-dt-model": 1,
        "twx-overlay": 1,
        "twx-overlay-container": 5,
        "twx-overlay-body": 1,
        "twx-dt-picture": 1,
        "twx-popup": 1,
        "twx-gridlayout": 3,
        "twx-row": 12,
        "twx-col": 12,
        "twx-text-input": 1,
        "twx-button": 1,
        "twx-label": 2
      }
    },
    {
      "timestamp": "2021-06-04T20:24:29.032Z",
      "action": "SAVE",
      "usage": {
        "twx-view": 1,
        "twx-dt-view": 1,
        "twx-dt-model": 1,
        "twx-overlay": 1,
        "twx-overlay-container": 5,
        "twx-overlay-body": 1,
        "twx-dt-picture": 1,
        "twx-popup": 1,
        "twx-gridlayout": 3,
        "twx-row": 12,
        "twx-col": 12,
        "twx-text-input": 1,
        "twx-button": 1,
        "twx-label": 2
      }
    },
    {
      "timestamp": "2021-06-04T20:29:02.045Z",
      "action": "SAVE",
      "usage": {
        "twx-view": 1,
        "twx-dt-view": 1,
        "twx-dt-model": 1,
        "twx-overlay": 1,
        "twx-overlay-container": 5,
        "twx-overlay-body": 1,
        "twx-dt-picture": 1,
        "twx-popup": 1,
        "twx-gridlayout": 3,
        "twx-row": 13,
        "twx-col": 13,
        "twx-text-input": 1,
        "twx-button": 1,
        "twx-label": 5
      }
    },
    {
      "timestamp": "2021-06-04T20:29:10.632Z",
      "action": "SAVE",
      "usage": {
        "twx-view": 1,
        "twx-dt-view": 1,
        "twx-dt-model": 1,
        "twx-overlay": 1,
        "twx-overlay-container": 5,
        "twx-overlay-body": 1,
        "twx-dt-picture": 1,
        "twx-popup": 1,
        "twx-gridlayout": 3,
        "twx-row": 13,
        "twx-col": 13,
        "twx-text-input": 1,
        "twx-button": 1,
        "twx-label": 5
      }
    },
    {
      "timestamp": "2021-06-04T20:29:46.438Z",
      "action": "SAVE",
      "usage": {
        "twx-view": 1,
        "twx-dt-view": 1,
        "twx-dt-model": 1,
        "twx-overlay": 1,
        "twx-overlay-container": 5,
        "twx-overlay-body": 1,
        "twx-dt-picture": 1,
        "twx-popup": 1,
        "twx-gridlayout": 3,
        "twx-row": 13,
        "twx-col": 13,
        "twx-text-input": 1,
        "twx-button": 1,
        "twx-label": 5
      }
    },
    {
      "timestamp": "2021-06-04T20:30:31.334Z",
      "action": "SAVE",
      "usage": {
        "twx-view": 1,
        "twx-dt-view": 1,
        "twx-dt-model": 1,
        "twx-overlay": 1,
        "twx-overlay-container": 5,
        "twx-overlay-body": 1,
        "twx-dt-picture": 1,
        "twx-popup": 1,
        "twx-gridlayout": 3,
        "twx-row": 13,
        "twx-col": 13,
        "twx-text-input": 1,
        "twx-button": 1,
        "twx-label": 5
      }
    },
    {
      "timestamp": "2021-06-04T20:33:16.139Z",
      "action": "SAVE",
      "usage": {
        "twx-view": 1,
        "twx-dt-view": 1,
        "twx-dt-model": 1,
        "twx-overlay": 1,
        "twx-overlay-container": 5,
        "twx-overlay-body": 1,
        "twx-dt-picture": 1,
        "twx-popup": 1,
        "twx-gridlayout": 3,
        "twx-row": 13,
        "twx-col": 14,
        "twx-text-input": 1,
        "twx-button": 3,
        "twx-label": 5
      }
    },
    {
      "timestamp": "2021-06-04T20:33:58.984Z",
      "action": "SAVE",
      "usage": {
        "twx-view": 1,
        "twx-dt-view": 1,
        "twx-dt-model": 1,
        "twx-overlay": 1,
        "twx-overlay-container": 5,
        "twx-overlay-body": 1,
        "twx-dt-picture": 1,
        "twx-popup": 1,
        "twx-gridlayout": 3,
        "twx-row": 13,
        "twx-col": 14,
        "twx-text-input": 1,
        "twx-button": 3,
        "twx-label": 5
      }
    },
    {
      "timestamp": "2021-06-04T20:34:54.932Z",
      "action": "SAVE",
      "usage": {
        "twx-view": 1,
        "twx-dt-view": 1,
        "twx-dt-model": 1,
        "twx-overlay": 1,
        "twx-overlay-container": 5,
        "twx-overlay-body": 1,
        "twx-dt-picture": 1,
        "twx-popup": 1,
        "twx-gridlayout": 4,
        "twx-row": 15,
        "twx-col": 16,
        "twx-text-input": 1,
        "twx-label": 5,
        "twx-button": 4
      }
    },
    {
      "timestamp": "2021-06-04T20:35:22.767Z",
      "action": "SAVE",
      "usage": {
        "twx-view": 1,
        "twx-dt-view": 1,
        "twx-dt-model": 1,
        "twx-overlay": 1,
        "twx-overlay-container": 5,
        "twx-overlay-body": 1,
        "twx-dt-picture": 1,
        "twx-popup": 1,
        "twx-gridlayout": 4,
        "twx-row": 15,
        "twx-col": 16,
        "twx-text-input": 1,
        "twx-label": 5,
        "twx-button": 4
      }
    },
    {
      "timestamp": "2021-06-04T20:35:35.966Z",
      "action": "SAVE",
      "usage": {
        "twx-view": 1,
        "twx-dt-view": 1,
        "twx-dt-model": 1,
        "twx-overlay": 1,
        "twx-overlay-container": 5,
        "twx-overlay-body": 1,
        "twx-dt-picture": 1,
        "twx-popup": 1,
        "twx-gridlayout": 4,
        "twx-row": 15,
        "twx-col": 16,
        "twx-text-input": 1,
        "twx-label": 5,
        "twx-button": 4
      }
    },
    {
      "timestamp": "2021-06-04T20:37:54.835Z",
      "action": "SAVE",
      "usage": {
        "twx-view": 1,
        "twx-dt-view": 1,
        "twx-dt-model": 1,
        "twx-overlay": 1,
        "twx-overlay-container": 5,
        "twx-overlay-body": 1,
        "twx-dt-picture": 1,
        "twx-popup": 2,
        "twx-gridlayout": 5,
        "twx-row": 16,
        "twx-col": 17,
        "twx-text-input": 1,
        "twx-label": 5,
        "twx-button": 4
      }
    },
    {
      "timestamp": "2021-06-04T20:41:08.483Z",
      "action": "SAVE",
      "usage": {
        "twx-view": 1,
        "twx-dt-view": 1,
        "twx-dt-model": 1,
        "twx-overlay": 1,
        "twx-overlay-container": 5,
        "twx-overlay-body": 1,
        "twx-dt-picture": 1,
        "twx-popup": 2,
        "twx-gridlayout": 5,
        "twx-row": 16,
        "twx-col": 17,
        "twx-text-input": 1,
        "twx-label": 5,
        "twx-button": 4
      }
    },
    {
      "timestamp": "2021-06-04T20:41:32.475Z",
      "action": "SAVE",
      "usage": {
        "twx-view": 1,
        "twx-dt-view": 1,
        "twx-dt-model": 1,
        "twx-overlay": 1,
        "twx-overlay-container": 5,
        "twx-overlay-body": 1,
        "twx-dt-picture": 1,
        "twx-popup": 2,
        "twx-gridlayout": 5,
        "twx-row": 16,
        "twx-col": 17,
        "twx-text-input": 1,
        "twx-label": 5,
        "twx-button": 4
      }
    },
    {
      "timestamp": "2021-06-04T20:42:20.223Z",
      "action": "SAVE",
      "usage": {
        "twx-view": 1,
        "twx-dt-view": 1,
        "twx-dt-model": 1,
        "twx-overlay": 1,
        "twx-overlay-container": 5,
        "twx-overlay-body": 1,
        "twx-dt-picture": 1,
        "twx-popup": 2,
        "twx-gridlayout": 5,
        "twx-row": 16,
        "twx-col": 17,
        "twx-text-input": 1,
        "twx-label": 5,
        "twx-button": 4
      }
    },
    {
      "timestamp": "2021-06-04T20:42:29.491Z",
      "action": "SAVE",
      "usage": {
        "twx-view": 1,
        "twx-dt-view": 1,
        "twx-dt-model": 1,
        "twx-overlay": 1,
        "twx-overlay-container": 5,
        "twx-overlay-body": 1,
        "twx-dt-picture": 1,
        "twx-popup": 2,
        "twx-gridlayout": 5,
        "twx-row": 16,
        "twx-col": 17,
        "twx-text-input": 1,
        "twx-label": 5,
        "twx-button": 4
      }
    },
    {
      "timestamp": "2021-06-04T20:44:41.843Z",
      "action": "SAVE",
      "usage": {
        "twx-view": 1,
        "twx-dt-view": 1,
        "twx-dt-model": 1,
        "twx-overlay": 1,
        "twx-overlay-container": 5,
        "twx-overlay-body": 1,
        "twx-dt-picture": 1,
        "twx-popup": 2,
        "twx-gridlayout": 5,
        "twx-row": 16,
        "twx-col": 17,
        "twx-text-input": 1,
        "twx-label": 5,
        "twx-button": 4
      }
    },
    {
      "timestamp": "2021-06-04T20:45:17.244Z",
      "action": "SAVE",
      "usage": {
        "twx-view": 1,
        "twx-dt-view": 1,
        "twx-dt-model": 1,
        "twx-overlay": 1,
        "twx-overlay-container": 5,
        "twx-overlay-body": 1,
        "twx-dt-picture": 1,
        "twx-popup": 2,
        "twx-gridlayout": 5,
        "twx-row": 16,
        "twx-col": 17,
        "twx-text-input": 1,
        "twx-label": 5,
        "twx-button": 4
      }
    },
    {
      "timestamp": "2021-06-04T20:45:31.672Z",
      "action": "SAVE",
      "usage": {
        "twx-view": 1,
        "twx-dt-view": 1,
        "twx-dt-model": 1,
        "twx-overlay": 1,
        "twx-overlay-container": 5,
        "twx-overlay-body": 1,
        "twx-dt-picture": 1,
        "twx-popup": 2,
        "twx-gridlayout": 5,
        "twx-row": 16,
        "twx-col": 17,
        "twx-text-input": 1,
        "twx-label": 5,
        "twx-button": 4
      }
    },
    {
      "timestamp": "2021-06-04T20:55:17.219Z",
      "action": "SAVE",
      "usage": {
        "twx-view": 1,
        "twx-dt-view": 1,
        "twx-dt-model": 1,
        "twx-overlay": 1,
        "twx-overlay-container": 5,
        "twx-overlay-body": 1,
        "twx-dt-picture": 1,
        "twx-popup": 2,
        "twx-gridlayout": 5,
        "twx-row": 16,
        "twx-col": 17,
        "twx-text-input": 1,
        "twx-label": 5,
        "twx-button": 4
      }
    },
    {
      "timestamp": "2021-06-04T20:55:21.727Z",
      "action": "SAVE",
      "usage": {
        "twx-view": 1,
        "twx-dt-view": 1,
        "twx-dt-model": 1,
        "twx-overlay": 1,
        "twx-overlay-container": 5,
        "twx-overlay-body": 1,
        "twx-dt-picture": 1,
        "twx-popup": 2,
        "twx-gridlayout": 5,
        "twx-row": 16,
        "twx-col": 17,
        "twx-text-input": 1,
        "twx-label": 5,
        "twx-button": 4
      }
    },
    {
      "timestamp": "2021-06-04T21:02:08.259Z",
      "action": "SAVE",
      "usage": {
        "twx-view": 1,
        "twx-dt-view": 1,
        "twx-dt-model": 1,
        "twx-overlay": 1,
        "twx-overlay-container": 5,
        "twx-overlay-body": 1,
        "twx-dt-picture": 1,
        "twx-popup": 2,
        "twx-gridlayout": 5,
        "twx-row": 16,
        "twx-col": 17,
        "twx-text-input": 1,
        "twx-label": 5,
        "twx-button": 4
      }
    },
    {
      "timestamp": "2021-06-04T21:06:57.528Z",
      "action": "SAVE",
      "usage": {
        "twx-view": 1,
        "twx-dt-view": 1,
        "twx-dt-model": 1,
        "twx-overlay": 1,
        "twx-overlay-container": 5,
        "twx-overlay-body": 1,
        "twx-dt-picture": 1,
        "twx-popup": 2,
        "twx-gridlayout": 5,
        "twx-row": 16,
        "twx-col": 17,
        "twx-text-input": 1,
        "twx-label": 5,
        "twx-button": 4
      }
    },
    {
      "timestamp": "2021-06-04T21:13:03.761Z",
      "action": "SAVE",
      "usage": {
        "twx-view": 1,
        "twx-dt-view": 1,
        "twx-dt-model": 1,
        "twx-overlay": 1,
        "twx-overlay-container": 5,
        "twx-overlay-body": 1,
        "twx-dt-picture": 1,
        "twx-popup": 2,
        "twx-gridlayout": 5,
        "twx-row": 17,
        "twx-col": 18,
        "twx-text-input": 1,
        "twx-label": 6,
        "twx-textarea": 1,
        "twx-button": 4
      }
    },
    {
      "timestamp": "2021-06-04T21:15:31.021Z",
      "action": "SAVE",
      "usage": {
        "twx-view": 1,
        "twx-dt-view": 1,
        "twx-dt-model": 1,
        "twx-overlay": 1,
        "twx-overlay-container": 5,
        "twx-overlay-body": 1,
        "twx-dt-picture": 1,
        "twx-popup": 2,
        "twx-gridlayout": 5,
        "twx-row": 17,
        "twx-col": 18,
        "twx-text-input": 2,
        "twx-label": 6,
        "twx-button": 4
      }
    },
    {
      "timestamp": "2021-06-04T21:16:37.032Z",
      "action": "SAVE",
      "usage": {
        "twx-view": 1,
        "twx-dt-view": 1,
        "twx-dt-model": 1,
        "twx-overlay": 1,
        "twx-overlay-container": 5,
        "twx-overlay-body": 1,
        "twx-dt-picture": 1,
        "twx-popup": 2,
        "twx-gridlayout": 5,
        "twx-row": 18,
        "twx-col": 19,
        "twx-text-input": 2,
        "twx-label": 6,
        "twx-button": 5
      }
    },
    {
      "timestamp": "2021-06-04T21:17:10.523Z",
      "action": "SAVE",
      "usage": {
        "twx-view": 1,
        "twx-dt-view": 1,
        "twx-dt-model": 1,
        "twx-overlay": 1,
        "twx-overlay-container": 5,
        "twx-overlay-body": 1,
        "twx-dt-picture": 1,
        "twx-popup": 2,
        "twx-gridlayout": 5,
        "twx-row": 18,
        "twx-col": 19,
        "twx-text-input": 2,
        "twx-label": 6,
        "twx-button": 5
      }
    },
    {
      "timestamp": "2021-06-04T21:19:19.640Z",
      "action": "SAVE",
      "usage": {
        "twx-view": 1,
        "twx-dt-view": 1,
        "twx-dt-model": 1,
        "twx-overlay": 1,
        "twx-overlay-container": 5,
        "twx-overlay-body": 1,
        "twx-dt-picture": 1,
        "twx-popup": 2,
        "twx-gridlayout": 5,
        "twx-row": 18,
        "twx-col": 19,
        "twx-text-input": 2,
        "twx-label": 6,
        "twx-button": 5
      }
    },
    {
      "timestamp": "2021-06-04T21:19:27.601Z",
      "action": "SAVE",
      "usage": {
        "twx-view": 1,
        "twx-dt-view": 1,
        "twx-dt-model": 1,
        "twx-overlay": 1,
        "twx-overlay-container": 5,
        "twx-overlay-body": 1,
        "twx-dt-picture": 1,
        "twx-popup": 2,
        "twx-gridlayout": 5,
        "twx-row": 18,
        "twx-col": 19,
        "twx-text-input": 2,
        "twx-label": 6,
        "twx-button": 5
      }
    },
    {
      "timestamp": "2021-06-04T21:22:11.481Z",
      "action": "SAVE",
      "usage": {
        "twx-view": 1,
        "twx-dt-view": 1,
        "twx-dt-model": 1,
        "twx-overlay": 1,
        "twx-overlay-container": 5,
        "twx-overlay-body": 1,
        "twx-dt-picture": 1,
        "twx-popup": 2,
        "twx-gridlayout": 5,
        "twx-row": 18,
        "twx-col": 19,
        "twx-text-input": 2,
        "twx-label": 6,
        "twx-button": 5
      }
    },
    {
      "timestamp": "2021-06-04T21:24:22.137Z",
      "action": "SAVE",
      "usage": {
        "twx-view": 1,
        "twx-dt-view": 1,
        "twx-dt-model": 1,
        "twx-overlay": 1,
        "twx-overlay-container": 5,
        "twx-overlay-body": 1,
        "twx-dt-picture": 1,
        "twx-popup": 2,
        "twx-gridlayout": 5,
        "twx-row": 18,
        "twx-col": 19,
        "twx-text-input": 2,
        "twx-label": 6,
        "twx-button": 5
      }
    },
    {
      "timestamp": "2021-06-04T21:38:08.063Z",
      "action": "SAVE",
      "usage": {
        "twx-view": 1,
        "twx-dt-view": 1,
        "twx-dt-model": 1,
        "twx-overlay": 1,
        "twx-overlay-container": 5,
        "twx-overlay-body": 1,
        "twx-dt-picture": 1,
        "twx-popup": 2,
        "twx-gridlayout": 5,
        "twx-row": 18,
        "twx-col": 19,
        "twx-text-input": 2,
        "twx-label": 6,
        "twx-button": 5
      }
    },
    {
      "timestamp": "2021-06-05T00:25:59.903Z",
      "action": "SAVE",
      "usage": {
        "twx-view": 1,
        "twx-dt-view": 1,
        "twx-dt-model": 1,
        "twx-overlay": 1,
        "twx-overlay-container": 5,
        "twx-overlay-body": 1,
        "twx-dt-picture": 1,
        "twx-popup": 2,
        "twx-gridlayout": 5,
        "twx-row": 18,
        "twx-col": 19,
        "twx-text-input": 2,
        "twx-label": 6,
        "twx-button": 5
      }
    },
    {
      "timestamp": "2021-06-07T21:06:22.940Z",
      "action": "SAVE",
      "usage": {
        "twx-view": 1,
        "twx-dt-view": 1,
        "twx-dt-model": 1,
        "twx-overlay": 1,
        "twx-overlay-container": 5,
        "twx-overlay-body": 1,
        "twx-dt-picture": 1,
        "twx-popup": 2,
        "twx-gridlayout": 5,
        "twx-row": 18,
        "twx-col": 19,
        "twx-text-input": 2,
        "twx-label": 6,
        "twx-button": 5
      }
    },
    {
      "timestamp": "2021-06-07T21:29:55.668Z",
      "action": "SAVE",
      "usage": {
        "twx-view": 1,
        "twx-dt-view": 1,
        "twx-dt-model": 1,
        "twx-overlay": 1,
        "twx-overlay-container": 5,
        "twx-overlay-body": 1,
        "twx-dt-picture": 1,
        "twx-popup": 2,
        "twx-gridlayout": 5,
        "twx-row": 18,
        "twx-col": 19,
        "twx-text-input": 2,
        "twx-label": 6,
        "twx-button": 5
      }
    },
    {
      "timestamp": "2021-06-07T21:34:43.394Z",
      "action": "SAVE",
      "usage": {
        "twx-view": 1,
        "twx-dt-view": 1,
        "twx-dt-model": 1,
        "twx-overlay": 1,
        "twx-overlay-container": 5,
        "twx-overlay-body": 1,
        "twx-dt-picture": 1,
        "twx-popup": 2,
        "twx-gridlayout": 5,
        "twx-row": 19,
        "twx-col": 20,
        "twx-text-input": 2,
        "twx-label": 6,
        "twx-button": 5,
        "twx-toggle-button": 1
      }
    },
    {
      "timestamp": "2021-06-07T21:34:59.951Z",
      "action": "SAVE",
      "usage": {
        "twx-view": 1,
        "twx-dt-view": 1,
        "twx-dt-model": 1,
        "twx-overlay": 1,
        "twx-overlay-container": 5,
        "twx-overlay-body": 1,
        "twx-dt-picture": 1,
        "twx-popup": 2,
        "twx-gridlayout": 5,
        "twx-row": 19,
        "twx-col": 20,
        "twx-text-input": 2,
        "twx-label": 6,
        "twx-button": 5,
        "twx-toggle-button": 1
      }
    },
    {
      "timestamp": "2021-06-07T21:35:13.566Z",
      "action": "SAVE",
      "usage": {
        "twx-view": 1,
        "twx-dt-view": 1,
        "twx-dt-model": 1,
        "twx-overlay": 1,
        "twx-overlay-container": 5,
        "twx-overlay-body": 1,
        "twx-dt-picture": 1,
        "twx-popup": 2,
        "twx-gridlayout": 5,
        "twx-row": 19,
        "twx-col": 20,
        "twx-text-input": 2,
        "twx-label": 6,
        "twx-button": 5,
        "twx-toggle-button": 1
      }
    },
    {
      "timestamp": "2021-06-07T21:44:01.561Z",
      "action": "SAVE",
      "usage": {
        "twx-view": 1,
        "twx-dt-view": 1,
        "twx-dt-model": 1,
        "twx-overlay": 1,
        "twx-overlay-container": 5,
        "twx-overlay-body": 1,
        "twx-dt-picture": 1,
        "twx-popup": 2,
        "twx-gridlayout": 5,
        "twx-row": 19,
        "twx-col": 20,
        "twx-text-input": 2,
        "twx-label": 6,
        "twx-button": 5,
        "twx-toggle-button": 1
      }
    },
    {
      "timestamp": "2021-06-07T21:47:40.184Z",
      "action": "SAVE",
      "usage": {
        "twx-view": 1,
        "twx-dt-view": 1,
        "twx-dt-model": 1,
        "twx-overlay": 1,
        "twx-overlay-container": 5,
        "twx-overlay-body": 1,
        "twx-dt-picture": 1,
        "twx-popup": 2,
        "twx-gridlayout": 5,
        "twx-row": 20,
        "twx-col": 21,
        "twx-text-input": 2,
        "twx-toggle-button": 2,
        "twx-label": 6,
        "twx-button": 5
      }
    },
    {
      "timestamp": "2021-06-07T21:52:16.665Z",
      "action": "SAVE",
      "usage": {
        "twx-view": 1,
        "twx-dt-view": 1,
        "twx-dt-model": 1,
        "twx-overlay": 1,
        "twx-overlay-container": 5,
        "twx-overlay-body": 1,
        "twx-dt-picture": 1,
        "twx-popup": 2,
        "twx-gridlayout": 5,
        "twx-row": 20,
        "twx-col": 21,
        "twx-text-input": 2,
        "twx-toggle-button": 2,
        "twx-label": 6,
        "twx-button": 5
      }
    },
    {
      "timestamp": "2021-06-07T21:54:24.481Z",
      "action": "SAVE",
      "usage": {
        "twx-view": 1,
        "twx-dt-view": 1,
        "twx-dt-model": 1,
        "twx-overlay": 1,
        "twx-overlay-container": 5,
        "twx-overlay-body": 1,
        "twx-dt-picture": 1,
        "twx-popup": 2,
        "twx-gridlayout": 5,
        "twx-row": 20,
        "twx-col": 21,
        "twx-text-input": 2,
        "twx-toggle-button": 2,
        "twx-label": 6,
        "twx-button": 5
      }
    },
    {
      "timestamp": "2021-06-07T21:55:42.921Z",
      "action": "SAVE",
      "usage": {
        "twx-view": 1,
        "twx-dt-view": 1,
        "twx-dt-model": 1,
        "twx-overlay": 1,
        "twx-overlay-container": 5,
        "twx-overlay-body": 1,
        "twx-dt-picture": 1,
        "twx-popup": 2,
        "twx-gridlayout": 5,
        "twx-row": 20,
        "twx-col": 21,
        "twx-text-input": 2,
        "twx-toggle-button": 2,
        "twx-label": 6,
        "twx-button": 5
      }
    },
    {
      "timestamp": "2021-06-07T21:55:52.103Z",
      "action": "SAVE",
      "usage": {
        "twx-view": 1,
        "twx-dt-view": 1,
        "twx-dt-model": 1,
        "twx-overlay": 1,
        "twx-overlay-container": 5,
        "twx-overlay-body": 1,
        "twx-dt-picture": 1,
        "twx-popup": 2,
        "twx-gridlayout": 5,
        "twx-row": 20,
        "twx-col": 21,
        "twx-text-input": 2,
        "twx-toggle-button": 2,
        "twx-label": 6,
        "twx-button": 5
      }
    },
    {
      "timestamp": "2021-06-07T21:56:10.092Z",
      "action": "SAVE",
      "usage": {
        "twx-view": 1,
        "twx-dt-view": 1,
        "twx-dt-model": 1,
        "twx-overlay": 1,
        "twx-overlay-container": 5,
        "twx-overlay-body": 1,
        "twx-dt-picture": 1,
        "twx-popup": 2,
        "twx-gridlayout": 5,
        "twx-row": 20,
        "twx-col": 21,
        "twx-text-input": 2,
        "twx-toggle-button": 2,
        "twx-label": 6,
        "twx-button": 5
      }
    },
    {
      "timestamp": "2021-06-07T22:39:56.818Z",
      "action": "SAVE",
      "usage": {
        "twx-view": 1,
        "twx-dt-view": 1,
        "twx-dt-model": 1,
        "twx-overlay": 1,
        "twx-overlay-container": 5,
        "twx-overlay-body": 1,
        "twx-dt-picture": 1,
        "twx-popup": 2,
        "twx-gridlayout": 5,
        "twx-row": 20,
        "twx-col": 21,
        "twx-text-input": 2,
        "twx-toggle-button": 2,
        "twx-label": 6,
        "twx-button": 4
      }
    },
    {
      "timestamp": "2021-06-07T22:40:07.506Z",
      "action": "SAVE",
      "usage": {
        "twx-view": 1,
        "twx-dt-view": 1,
        "twx-dt-model": 1,
        "twx-overlay": 1,
        "twx-overlay-container": 5,
        "twx-overlay-body": 1,
        "twx-dt-picture": 1,
        "twx-popup": 2,
        "twx-gridlayout": 5,
        "twx-row": 20,
        "twx-col": 21,
        "twx-text-input": 2,
        "twx-toggle-button": 2,
        "twx-label": 6,
        "twx-button": 4
      }
    },
    {
      "timestamp": "2021-06-07T22:48:01.095Z",
      "action": "SAVE",
      "usage": {
        "twx-view": 1,
        "twx-dt-view": 1,
        "twx-dt-model": 1,
        "twx-overlay": 1,
        "twx-overlay-container": 5,
        "twx-overlay-body": 1,
        "twx-dt-picture": 1,
        "twx-popup": 2,
        "twx-gridlayout": 5,
        "twx-row": 20,
        "twx-col": 21,
        "twx-text-input": 2,
        "twx-toggle-button": 2,
        "twx-label": 6,
        "twx-button": 4
      }
    },
    {
      "timestamp": "2021-06-07T22:48:03.330Z",
      "action": "SAVE",
      "usage": {
        "twx-view": 1,
        "twx-dt-view": 1,
        "twx-dt-model": 1,
        "twx-overlay": 1,
        "twx-overlay-container": 5,
        "twx-overlay-body": 1,
        "twx-dt-picture": 1,
        "twx-popup": 2,
        "twx-gridlayout": 5,
        "twx-row": 20,
        "twx-col": 21,
        "twx-text-input": 2,
        "twx-toggle-button": 2,
        "twx-label": 6,
        "twx-button": 4
      }
    },
    {
      "timestamp": "2021-06-07T22:54:42.290Z",
      "action": "SAVE",
      "usage": {
        "twx-view": 1,
        "twx-dt-view": 1,
        "twx-dt-model": 1,
        "twx-overlay": 1,
        "twx-overlay-container": 5,
        "twx-overlay-body": 1,
        "twx-dt-picture": 1,
        "twx-popup": 2,
        "twx-gridlayout": 5,
        "twx-row": 20,
        "twx-col": 21,
        "twx-text-input": 2,
        "twx-toggle-button": 2,
        "twx-label": 6,
        "twx-button": 4
      }
    },
    {
      "timestamp": "2021-06-07T22:54:49.125Z",
      "action": "SAVE",
      "usage": {
        "twx-view": 1,
        "twx-dt-view": 1,
        "twx-dt-model": 1,
        "twx-overlay": 1,
        "twx-overlay-container": 5,
        "twx-overlay-body": 1,
        "twx-dt-picture": 1,
        "twx-popup": 2,
        "twx-gridlayout": 5,
        "twx-row": 20,
        "twx-col": 21,
        "twx-text-input": 2,
        "twx-toggle-button": 2,
        "twx-label": 6,
        "twx-button": 4
      }
    },
    {
      "timestamp": "2021-06-07T23:00:03.050Z",
      "action": "SAVE",
      "usage": {
        "twx-view": 1,
        "twx-dt-view": 1,
        "twx-dt-model": 1,
        "twx-overlay": 1,
        "twx-overlay-container": 5,
        "twx-overlay-body": 1,
        "twx-dt-picture": 1,
        "twx-popup": 2,
        "twx-gridlayout": 5,
        "twx-row": 20,
        "twx-col": 21,
        "twx-text-input": 2,
        "twx-toggle-button": 2,
        "twx-label": 6,
        "twx-button": 4
      }
    },
    {
      "timestamp": "2021-06-07T23:04:30.586Z",
      "action": "SAVE",
      "usage": {
        "twx-view": 1,
        "twx-dt-view": 1,
        "twx-dt-model": 1,
        "twx-overlay": 1,
        "twx-overlay-container": 5,
        "twx-overlay-body": 1,
        "twx-dt-picture": 1,
        "twx-popup": 2,
        "twx-gridlayout": 5,
        "twx-row": 20,
        "twx-col": 21,
        "twx-text-input": 2,
        "twx-toggle-button": 2,
        "twx-label": 6,
        "twx-button": 4
      }
    },
    {
      "timestamp": "2021-06-07T23:05:01.407Z",
      "action": "SAVE",
      "usage": {
        "twx-view": 1,
        "twx-dt-view": 1,
        "twx-dt-model": 1,
        "twx-overlay": 1,
        "twx-overlay-container": 5,
        "twx-overlay-body": 1,
        "twx-dt-picture": 1,
        "twx-popup": 2,
        "twx-gridlayout": 5,
        "twx-row": 20,
        "twx-col": 21,
        "twx-text-input": 2,
        "twx-toggle-button": 2,
        "twx-label": 6,
        "twx-button": 4
      }
    },
    {
      "timestamp": "2021-06-07T23:07:47.708Z",
      "action": "SAVE",
      "usage": {
        "twx-view": 1,
        "twx-dt-view": 1,
        "twx-dt-model": 1,
        "twx-overlay": 1,
        "twx-overlay-container": 5,
        "twx-overlay-body": 1,
        "twx-dt-picture": 1,
        "twx-popup": 2,
        "twx-gridlayout": 5,
        "twx-row": 20,
        "twx-col": 21,
        "twx-text-input": 2,
        "twx-toggle-button": 2,
        "twx-label": 6,
        "twx-button": 4
      }
    },
    {
      "timestamp": "2021-06-07T23:23:44.268Z",
      "action": "SAVE",
      "usage": {
        "twx-view": 1,
        "twx-dt-view": 1,
        "twx-dt-model": 1,
        "twx-overlay": 1,
        "twx-overlay-container": 5,
        "twx-overlay-body": 1,
        "twx-dt-picture": 1,
        "twx-popup": 2,
        "twx-gridlayout": 5,
        "twx-row": 20,
        "twx-col": 21,
        "twx-text-input": 2,
        "twx-toggle-button": 2,
        "twx-label": 6,
        "twx-button": 4
      }
    },
    {
      "timestamp": "2021-06-07T23:24:06.233Z",
      "action": "SAVE",
      "usage": {
        "twx-view": 1,
        "twx-dt-view": 1,
        "twx-dt-model": 1,
        "twx-overlay": 1,
        "twx-overlay-container": 5,
        "twx-overlay-body": 1,
        "twx-dt-picture": 1,
        "twx-popup": 2,
        "twx-gridlayout": 5,
        "twx-row": 20,
        "twx-col": 21,
        "twx-text-input": 2,
        "twx-toggle-button": 2,
        "twx-label": 6,
        "twx-button": 4
      }
    },
    {
      "timestamp": "2021-06-07T23:26:48.695Z",
      "action": "SAVE",
      "usage": {
        "twx-view": 1,
        "twx-dt-view": 1,
        "twx-dt-model": 1,
        "twx-overlay": 1,
        "twx-overlay-container": 5,
        "twx-overlay-body": 1,
        "twx-dt-picture": 1,
        "twx-popup": 2,
        "twx-gridlayout": 5,
        "twx-row": 20,
        "twx-col": 21,
        "twx-text-input": 2,
        "twx-toggle-button": 2,
        "twx-label": 6,
        "twx-button": 4
      }
    },
    {
      "timestamp": "2021-06-07T23:27:55.381Z",
      "action": "SAVE",
      "usage": {
        "twx-view": 1,
        "twx-dt-view": 1,
        "twx-dt-model": 1,
        "twx-overlay": 1,
        "twx-overlay-container": 5,
        "twx-overlay-body": 1,
        "twx-dt-picture": 1,
        "twx-popup": 2,
        "twx-gridlayout": 5,
        "twx-row": 20,
        "twx-col": 21,
        "twx-text-input": 2,
        "twx-toggle-button": 2,
        "twx-label": 6,
        "twx-button": 4
      }
    },
    {
      "timestamp": "2021-06-07T23:30:26.945Z",
      "action": "SAVE",
      "usage": {
        "twx-view": 1,
        "twx-dt-view": 1,
        "twx-dt-model": 1,
        "twx-overlay": 1,
        "twx-overlay-container": 5,
        "twx-overlay-body": 1,
        "twx-dt-picture": 1,
        "twx-popup": 2,
        "twx-gridlayout": 5,
        "twx-row": 20,
        "twx-col": 21,
        "twx-text-input": 2,
        "twx-toggle-button": 2,
        "twx-label": 6,
        "twx-button": 4
      }
    },
    {
      "timestamp": "2021-06-07T23:33:41.247Z",
      "action": "SAVE",
      "usage": {
        "twx-view": 1,
        "twx-dt-view": 1,
        "twx-dt-model": 1,
        "twx-overlay": 1,
        "twx-overlay-container": 5,
        "twx-overlay-body": 1,
        "twx-dt-picture": 1,
        "twx-popup": 2,
        "twx-gridlayout": 5,
        "twx-row": 20,
        "twx-col": 21,
        "twx-text-input": 2,
        "twx-toggle-button": 2,
        "twx-label": 6,
        "twx-button": 4
      }
    },
    {
      "timestamp": "2021-06-07T23:36:12.505Z",
      "action": "SAVE",
      "usage": {
        "twx-view": 1,
        "twx-dt-view": 1,
        "twx-dt-model": 1,
        "twx-overlay": 1,
        "twx-overlay-container": 5,
        "twx-overlay-body": 1,
        "twx-dt-picture": 1,
        "twx-popup": 2,
        "twx-gridlayout": 5,
        "twx-row": 20,
        "twx-col": 21,
        "twx-text-input": 2,
        "twx-toggle-button": 2,
        "twx-label": 6,
        "twx-button": 4
      }
    },
    {
      "timestamp": "2021-06-07T23:37:38.524Z",
      "action": "SAVE",
      "usage": {
        "twx-view": 1,
        "twx-dt-view": 1,
        "twx-dt-model": 1,
        "twx-overlay": 1,
        "twx-overlay-container": 5,
        "twx-overlay-body": 1,
        "twx-dt-picture": 1,
        "twx-popup": 2,
        "twx-gridlayout": 5,
        "twx-row": 20,
        "twx-col": 21,
        "twx-text-input": 2,
        "twx-toggle-button": 2,
        "twx-label": 6,
        "twx-button": 4
      }
    },
    {
      "timestamp": "2021-06-07T23:39:48.530Z",
      "action": "SAVE",
      "usage": {
        "twx-view": 1,
        "twx-dt-view": 1,
        "twx-dt-model": 1,
        "twx-overlay": 1,
        "twx-overlay-container": 5,
        "twx-overlay-body": 1,
        "twx-dt-picture": 1,
        "twx-popup": 2,
        "twx-gridlayout": 5,
        "twx-row": 20,
        "twx-col": 21,
        "twx-text-input": 2,
        "twx-toggle-button": 2,
        "twx-label": 6,
        "twx-button": 4
      }
    },
    {
      "timestamp": "2021-06-07T23:42:20.951Z",
      "action": "SAVE",
      "usage": {
        "twx-view": 1,
        "twx-dt-view": 1,
        "twx-dt-model": 1,
        "twx-overlay": 1,
        "twx-overlay-container": 5,
        "twx-overlay-body": 1,
        "twx-dt-picture": 1,
        "twx-popup": 2,
        "twx-gridlayout": 5,
        "twx-row": 20,
        "twx-col": 21,
        "twx-text-input": 2,
        "twx-toggle-button": 2,
        "twx-label": 6,
        "twx-button": 4
      }
    },
    {
      "timestamp": "2021-06-07T23:43:10.295Z",
      "action": "SAVE",
      "usage": {
        "twx-view": 1,
        "twx-dt-view": 1,
        "twx-dt-model": 1,
        "twx-overlay": 1,
        "twx-overlay-container": 5,
        "twx-overlay-body": 1,
        "twx-dt-picture": 1,
        "twx-popup": 2,
        "twx-gridlayout": 5,
        "twx-row": 20,
        "twx-col": 21,
        "twx-text-input": 2,
        "twx-toggle-button": 2,
        "twx-label": 6,
        "twx-button": 4
      }
    },
    {
      "timestamp": "2021-06-07T23:43:24.353Z",
      "action": "SAVE",
      "usage": {
        "twx-view": 1,
        "twx-dt-view": 1,
        "twx-dt-model": 1,
        "twx-overlay": 1,
        "twx-overlay-container": 5,
        "twx-overlay-body": 1,
        "twx-dt-picture": 1,
        "twx-popup": 2,
        "twx-gridlayout": 5,
        "twx-row": 20,
        "twx-col": 21,
        "twx-text-input": 2,
        "twx-toggle-button": 2,
        "twx-label": 6,
        "twx-button": 4
      }
    },
    {
      "timestamp": "2021-06-08T00:06:56.900Z",
      "action": "SAVE",
      "usage": {
        "twx-view": 1,
        "twx-dt-view": 1,
        "twx-dt-model": 1,
        "twx-overlay": 1,
        "twx-overlay-container": 5,
        "twx-overlay-body": 1,
        "twx-dt-picture": 1,
        "twx-popup": 2,
        "twx-gridlayout": 5,
        "twx-row": 20,
        "twx-col": 21,
        "twx-text-input": 2,
        "twx-toggle-button": 2,
        "twx-label": 6,
        "twx-button": 4
      }
    },
    {
      "timestamp": "2021-06-08T00:07:04.777Z",
      "action": "SAVE",
      "usage": {
        "twx-view": 1,
        "twx-dt-view": 1,
        "twx-dt-model": 1,
        "twx-overlay": 1,
        "twx-overlay-container": 5,
        "twx-overlay-body": 1,
        "twx-dt-picture": 1,
        "twx-popup": 2,
        "twx-gridlayout": 5,
        "twx-row": 20,
        "twx-col": 21,
        "twx-text-input": 2,
        "twx-toggle-button": 2,
        "twx-label": 6,
        "twx-button": 4
      }
    },
    {
      "timestamp": "2021-06-08T00:07:19.255Z",
      "action": "SAVE",
      "usage": {
        "twx-view": 1,
        "twx-dt-view": 1,
        "twx-dt-model": 1,
        "twx-overlay": 1,
        "twx-overlay-container": 5,
        "twx-overlay-body": 1,
        "twx-dt-picture": 1,
        "twx-popup": 2,
        "twx-gridlayout": 5,
        "twx-row": 20,
        "twx-col": 21,
        "twx-text-input": 2,
        "twx-toggle-button": 2,
        "twx-label": 6,
        "twx-button": 4
      }
    },
    {
      "timestamp": "2021-06-08T03:15:12.397Z",
      "action": "SAVE",
      "usage": {
        "twx-view": 1,
        "twx-dt-view": 1,
        "twx-dt-model": 1,
        "twx-overlay": 1,
        "twx-overlay-container": 5,
        "twx-overlay-body": 1,
        "twx-dt-picture": 1,
        "twx-popup": 2,
        "twx-gridlayout": 5,
        "twx-row": 20,
        "twx-col": 21,
        "twx-text-input": 2,
        "twx-toggle-button": 2,
        "twx-label": 6,
        "twx-button": 4
      }
    },
    {
      "timestamp": "2021-06-08T03:15:43.675Z",
      "action": "SAVE",
      "usage": {
        "twx-view": 1,
        "twx-dt-view": 1,
        "twx-dt-model": 1,
        "twx-overlay": 1,
        "twx-overlay-container": 5,
        "twx-overlay-body": 1,
        "twx-dt-picture": 1,
        "twx-popup": 2,
        "twx-gridlayout": 5,
        "twx-row": 20,
        "twx-col": 21,
        "twx-text-input": 2,
        "twx-toggle-button": 2,
        "twx-label": 6,
        "twx-button": 4
      }
    },
    {
      "timestamp": "2021-06-08T03:21:15.483Z",
      "action": "SAVE",
      "usage": {
        "twx-view": 1,
        "twx-dt-view": 1,
        "twx-dt-model": 1,
        "twx-overlay": 1,
        "twx-overlay-container": 5,
        "twx-overlay-body": 1,
        "twx-dt-picture": 1,
        "twx-popup": 2,
        "twx-gridlayout": 5,
        "twx-row": 20,
        "twx-col": 21,
        "twx-text-input": 2,
        "twx-toggle-button": 2,
        "twx-label": 6,
        "twx-button": 4
      }
    },
    {
      "timestamp": "2021-06-08T03:22:44.381Z",
      "action": "SAVE",
      "usage": {
        "twx-view": 1,
        "twx-dt-view": 1,
        "twx-dt-model": 1,
        "twx-overlay": 1,
        "twx-overlay-container": 5,
        "twx-overlay-body": 1,
        "twx-dt-picture": 1,
        "twx-popup": 2,
        "twx-gridlayout": 5,
        "twx-row": 20,
        "twx-col": 21,
        "twx-text-input": 2,
        "twx-toggle-button": 2,
        "twx-label": 6,
        "twx-button": 4
      }
    },
    {
      "timestamp": "2021-06-08T03:26:10.842Z",
      "action": "SAVE",
      "usage": {
        "twx-view": 1,
        "twx-dt-view": 1,
        "twx-dt-model": 1,
        "twx-overlay": 1,
        "twx-overlay-container": 5,
        "twx-overlay-body": 1,
        "twx-dt-picture": 1,
        "twx-popup": 2,
        "twx-gridlayout": 5,
        "twx-row": 20,
        "twx-col": 21,
        "twx-text-input": 2,
        "twx-toggle-button": 2,
        "twx-label": 6,
        "twx-button": 4
      }
    },
    {
      "timestamp": "2021-06-08T03:33:02.218Z",
      "action": "SAVE",
      "usage": {
        "twx-view": 1,
        "twx-dt-view": 1,
        "twx-dt-model": 1,
        "twx-overlay": 1,
        "twx-overlay-container": 5,
        "twx-overlay-body": 1,
        "twx-dt-picture": 1,
        "twx-popup": 2,
        "twx-gridlayout": 5,
        "twx-row": 20,
        "twx-col": 21,
        "twx-text-input": 2,
        "twx-toggle-button": 2,
        "twx-label": 6,
        "twx-button": 4
      }
    },
    {
      "timestamp": "2021-06-08T04:05:28.552Z",
      "action": "SAVE",
      "usage": {
        "twx-view": 1,
        "twx-dt-view": 1,
        "twx-dt-model": 1,
        "twx-overlay": 1,
        "twx-overlay-container": 5,
        "twx-overlay-body": 1,
        "twx-dt-picture": 1,
        "twx-popup": 2,
        "twx-gridlayout": 5,
        "twx-row": 20,
        "twx-col": 21,
        "twx-text-input": 2,
        "twx-toggle-button": 2,
        "twx-label": 6,
        "twx-button": 4
      }
    },
    {
      "timestamp": "2021-06-08T04:09:11.180Z",
      "action": "SAVE",
      "usage": {
        "twx-view": 1,
        "twx-dt-view": 1,
        "twx-dt-model": 1,
        "twx-overlay": 1,
        "twx-overlay-container": 5,
        "twx-overlay-body": 1,
        "twx-dt-picture": 1,
        "twx-popup": 2,
        "twx-gridlayout": 5,
        "twx-row": 20,
        "twx-col": 21,
        "twx-text-input": 2,
        "twx-toggle-button": 2,
        "twx-label": 6,
        "twx-button": 4
      }
    },
    {
      "timestamp": "2021-06-08T04:11:39.334Z",
      "action": "SAVE",
      "usage": {
        "twx-view": 1,
        "twx-dt-view": 1,
        "twx-dt-model": 1,
        "twx-overlay": 1,
        "twx-overlay-container": 5,
        "twx-overlay-body": 1,
        "twx-dt-picture": 1,
        "twx-popup": 2,
        "twx-gridlayout": 5,
        "twx-row": 20,
        "twx-col": 21,
        "twx-text-input": 2,
        "twx-toggle-button": 2,
        "twx-label": 6,
        "twx-button": 4
      }
    },
    {
      "timestamp": "2021-06-08T04:15:03.073Z",
      "action": "SAVE",
      "usage": {
        "twx-view": 1,
        "twx-dt-view": 1,
        "twx-dt-model": 1,
        "twx-overlay": 1,
        "twx-overlay-container": 5,
        "twx-overlay-body": 1,
        "twx-dt-picture": 1,
        "twx-popup": 2,
        "twx-gridlayout": 5,
        "twx-row": 20,
        "twx-col": 21,
        "twx-text-input": 2,
        "twx-toggle-button": 2,
        "twx-label": 6,
        "twx-button": 4
      }
    },
    {
      "timestamp": "2021-06-08T04:28:05.753Z",
      "action": "SAVE",
      "usage": {
        "twx-view": 1,
        "twx-dt-view": 1,
        "twx-dt-model": 1,
        "twx-overlay": 1,
        "twx-overlay-container": 5,
        "twx-overlay-body": 1,
        "twx-dt-picture": 1,
        "twx-popup": 2,
        "twx-gridlayout": 5,
        "twx-row": 20,
        "twx-col": 21,
        "twx-text-input": 2,
        "twx-toggle-button": 2,
        "twx-label": 6,
        "twx-button": 4
      }
    },
    {
      "timestamp": "2021-06-08T04:28:59.902Z",
      "action": "SAVE",
      "usage": {
        "twx-view": 1,
        "twx-dt-view": 1,
        "twx-dt-model": 1,
        "twx-overlay": 1,
        "twx-overlay-container": 5,
        "twx-overlay-body": 1,
        "twx-dt-picture": 1,
        "twx-popup": 2,
        "twx-gridlayout": 5,
        "twx-row": 20,
        "twx-col": 21,
        "twx-text-input": 2,
        "twx-toggle-button": 2,
        "twx-label": 6,
        "twx-button": 4
      }
    },
    {
      "timestamp": "2021-06-08T04:37:40.601Z",
      "action": "SAVE",
      "usage": {
        "twx-view": 1,
        "twx-dt-view": 1,
        "twx-dt-model": 1,
        "twx-overlay": 1,
        "twx-overlay-container": 5,
        "twx-overlay-body": 1,
        "twx-dt-picture": 1,
        "twx-popup": 2,
        "twx-gridlayout": 5,
        "twx-row": 20,
        "twx-col": 21,
        "twx-text-input": 2,
        "twx-toggle-button": 2,
        "twx-label": 6,
        "twx-button": 4
      }
    },
    {
      "timestamp": "2021-06-08T04:45:16.232Z",
      "action": "SAVE",
      "usage": {
        "twx-view": 1,
        "twx-dt-view": 1,
        "twx-dt-model": 1,
        "twx-overlay": 1,
        "twx-overlay-container": 5,
        "twx-overlay-body": 1,
        "twx-dt-picture": 1,
        "twx-popup": 2,
        "twx-gridlayout": 5,
        "twx-row": 20,
        "twx-col": 21,
        "twx-text-input": 2,
        "twx-toggle-button": 2,
        "twx-label": 6,
        "twx-button": 4
      }
    },
    {
      "timestamp": "2021-06-08T04:46:17.802Z",
      "action": "SAVE",
      "usage": {
        "twx-view": 1,
        "twx-dt-view": 1,
        "twx-dt-model": 1,
        "twx-overlay": 1,
        "twx-overlay-container": 5,
        "twx-overlay-body": 1,
        "twx-dt-picture": 1,
        "twx-popup": 2,
        "twx-gridlayout": 5,
        "twx-row": 20,
        "twx-col": 21,
        "twx-text-input": 2,
        "twx-toggle-button": 2,
        "twx-label": 6,
        "twx-button": 4
      }
    },
    {
      "timestamp": "2021-06-08T04:51:21.676Z",
      "action": "SAVE",
      "usage": {
        "twx-view": 1,
        "twx-dt-view": 1,
        "twx-dt-model": 1,
        "twx-overlay": 1,
        "twx-overlay-container": 5,
        "twx-overlay-body": 1,
        "twx-dt-picture": 1,
        "twx-popup": 2,
        "twx-gridlayout": 5,
        "twx-row": 20,
        "twx-col": 21,
        "twx-text-input": 2,
        "twx-toggle-button": 2,
        "twx-label": 6,
        "twx-button": 4
      }
    },
    {
      "timestamp": "2021-06-08T04:55:24.690Z",
      "action": "SAVE",
      "usage": {
        "twx-view": 1,
        "twx-dt-view": 1,
        "twx-dt-model": 1,
        "twx-overlay": 1,
        "twx-overlay-container": 5,
        "twx-overlay-body": 1,
        "twx-dt-picture": 1,
        "twx-popup": 2,
        "twx-gridlayout": 5,
        "twx-row": 20,
        "twx-col": 21,
        "twx-text-input": 2,
        "twx-toggle-button": 2,
        "twx-label": 6,
        "twx-button": 4
      }
    },
    {
      "timestamp": "2021-06-08T04:58:59.595Z",
      "action": "SAVE",
      "usage": {
        "twx-view": 1,
        "twx-dt-view": 1,
        "twx-dt-model": 1,
        "twx-overlay": 1,
        "twx-overlay-container": 5,
        "twx-overlay-body": 1,
        "twx-dt-picture": 1,
        "twx-popup": 2,
        "twx-gridlayout": 5,
        "twx-row": 20,
        "twx-col": 21,
        "twx-text-input": 2,
        "twx-toggle-button": 2,
        "twx-label": 6,
        "twx-button": 4
      }
    },
    {
      "timestamp": "2021-06-08T05:04:17.010Z",
      "action": "SAVE",
      "usage": {
        "twx-view": 1,
        "twx-dt-view": 1,
        "twx-dt-model": 1,
        "twx-overlay": 1,
        "twx-overlay-container": 5,
        "twx-overlay-body": 1,
        "twx-dt-picture": 1,
        "twx-popup": 2,
        "twx-gridlayout": 5,
        "twx-row": 20,
        "twx-col": 21,
        "twx-text-input": 2,
        "twx-toggle-button": 2,
        "twx-label": 6,
        "twx-button": 4
      }
    },
    {
      "timestamp": "2021-06-08T05:06:22.092Z",
      "action": "SAVE",
      "usage": {
        "twx-view": 1,
        "twx-dt-view": 1,
        "twx-dt-model": 1,
        "twx-overlay": 1,
        "twx-overlay-container": 5,
        "twx-overlay-body": 1,
        "twx-dt-picture": 1,
        "twx-popup": 2,
        "twx-gridlayout": 5,
        "twx-row": 20,
        "twx-col": 21,
        "twx-text-input": 2,
        "twx-toggle-button": 2,
        "twx-label": 6,
        "twx-button": 4
      }
    },
    {
      "timestamp": "2021-06-08T05:07:14.197Z",
      "action": "SAVE",
      "usage": {
        "twx-view": 1,
        "twx-dt-view": 1,
        "twx-dt-model": 1,
        "twx-overlay": 1,
        "twx-overlay-container": 5,
        "twx-overlay-body": 1,
        "twx-dt-picture": 1,
        "twx-popup": 2,
        "twx-gridlayout": 5,
        "twx-row": 20,
        "twx-col": 21,
        "twx-text-input": 2,
        "twx-toggle-button": 2,
        "twx-label": 6,
        "twx-button": 4
      }
    },
    {
      "timestamp": "2021-06-08T05:07:37.452Z",
      "action": "SAVE",
      "usage": {
        "twx-view": 1,
        "twx-dt-view": 1,
        "twx-dt-model": 1,
        "twx-overlay": 1,
        "twx-overlay-container": 5,
        "twx-overlay-body": 1,
        "twx-dt-picture": 1,
        "twx-popup": 2,
        "twx-gridlayout": 5,
        "twx-row": 20,
        "twx-col": 21,
        "twx-text-input": 2,
        "twx-toggle-button": 2,
        "twx-label": 6,
        "twx-button": 4
      }
    },
    {
      "timestamp": "2021-06-08T05:08:43.347Z",
      "action": "SAVE",
      "usage": {
        "twx-view": 1,
        "twx-dt-view": 1,
        "twx-dt-model": 1,
        "twx-overlay": 1,
        "twx-overlay-container": 5,
        "twx-overlay-body": 1,
        "twx-dt-picture": 1,
        "twx-popup": 2,
        "twx-gridlayout": 5,
        "twx-row": 20,
        "twx-col": 21,
        "twx-text-input": 2,
        "twx-toggle-button": 2,
        "twx-label": 6,
        "twx-button": 4
      }
    },
    {
      "timestamp": "2021-06-08T05:10:33.613Z",
      "action": "SAVE",
      "usage": {
        "twx-view": 1,
        "twx-dt-view": 1,
        "twx-dt-model": 1,
        "twx-overlay": 1,
        "twx-overlay-container": 5,
        "twx-overlay-body": 1,
        "twx-dt-picture": 1,
        "twx-popup": 2,
        "twx-gridlayout": 5,
        "twx-row": 20,
        "twx-col": 21,
        "twx-text-input": 2,
        "twx-toggle-button": 2,
        "twx-label": 6,
        "twx-button": 4
      }
    },
    {
      "timestamp": "2021-06-08T05:16:37.554Z",
      "action": "SAVE",
      "usage": {
        "twx-view": 1,
        "twx-dt-view": 1,
        "twx-dt-model": 1,
        "twx-overlay": 1,
        "twx-overlay-container": 5,
        "twx-overlay-body": 1,
        "twx-dt-picture": 1,
        "twx-popup": 2,
        "twx-gridlayout": 5,
        "twx-row": 20,
        "twx-col": 21,
        "twx-text-input": 2,
        "twx-toggle-button": 2,
        "twx-label": 6,
        "twx-button": 4
      }
    },
    {
      "timestamp": "2021-06-08T05:23:40.039Z",
      "action": "SAVE",
      "usage": {
        "twx-view": 1,
        "twx-dt-view": 1,
        "twx-dt-model": 1,
        "twx-overlay": 1,
        "twx-overlay-container": 5,
        "twx-overlay-body": 1,
        "twx-dt-picture": 1,
        "twx-popup": 2,
        "twx-gridlayout": 5,
        "twx-row": 20,
        "twx-col": 21,
        "twx-text-input": 2,
        "twx-toggle-button": 2,
        "twx-label": 6,
        "twx-button": 4
      }
    },
    {
      "timestamp": "2021-06-08T05:25:09.495Z",
      "action": "SAVE",
      "usage": {
        "twx-view": 1,
        "twx-dt-view": 1,
        "twx-dt-model": 1,
        "twx-overlay": 1,
        "twx-overlay-container": 5,
        "twx-overlay-body": 1,
        "twx-dt-picture": 1,
        "twx-popup": 2,
        "twx-gridlayout": 5,
        "twx-row": 20,
        "twx-col": 21,
        "twx-text-input": 2,
        "twx-toggle-button": 2,
        "twx-label": 6,
        "twx-button": 4
      }
    },
    {
      "timestamp": "2021-06-08T05:27:45.131Z",
      "action": "SAVE",
      "usage": {
        "twx-view": 1,
        "twx-dt-view": 1,
        "twx-dt-model": 1,
        "twx-overlay": 1,
        "twx-overlay-container": 5,
        "twx-overlay-body": 1,
        "twx-dt-picture": 1,
        "twx-popup": 2,
        "twx-gridlayout": 5,
        "twx-row": 20,
        "twx-col": 21,
        "twx-text-input": 2,
        "twx-toggle-button": 2,
        "twx-label": 6,
        "twx-button": 4
      }
    },
    {
      "timestamp": "2021-06-08T05:29:13.787Z",
      "action": "SAVE",
      "usage": {
        "twx-view": 1,
        "twx-dt-view": 1,
        "twx-dt-model": 1,
        "twx-overlay": 1,
        "twx-overlay-container": 5,
        "twx-overlay-body": 1,
        "twx-dt-picture": 1,
        "twx-popup": 2,
        "twx-gridlayout": 5,
        "twx-row": 20,
        "twx-col": 21,
        "twx-text-input": 2,
        "twx-toggle-button": 2,
        "twx-label": 6,
        "twx-button": 4
      }
    },
    {
      "timestamp": "2021-06-08T05:31:04.147Z",
      "action": "SAVE",
      "usage": {
        "twx-view": 1,
        "twx-dt-view": 1,
        "twx-dt-model": 1,
        "twx-overlay": 1,
        "twx-overlay-container": 5,
        "twx-overlay-body": 1,
        "twx-dt-picture": 1,
        "twx-popup": 2,
        "twx-gridlayout": 5,
        "twx-row": 20,
        "twx-col": 21,
        "twx-text-input": 2,
        "twx-toggle-button": 2,
        "twx-label": 6,
        "twx-button": 4
      }
    },
    {
      "timestamp": "2021-06-08T05:32:41.416Z",
      "action": "SAVE",
      "usage": {
        "twx-view": 1,
        "twx-dt-view": 1,
        "twx-dt-model": 1,
        "twx-overlay": 1,
        "twx-overlay-container": 5,
        "twx-overlay-body": 1,
        "twx-dt-picture": 1,
        "twx-popup": 2,
        "twx-gridlayout": 5,
        "twx-row": 20,
        "twx-col": 21,
        "twx-text-input": 2,
        "twx-toggle-button": 2,
        "twx-label": 6,
        "twx-button": 4
      }
    },
    {
      "timestamp": "2021-06-08T05:35:23.075Z",
      "action": "SAVE",
      "usage": {
        "twx-view": 1,
        "twx-dt-view": 1,
        "twx-dt-model": 1,
        "twx-overlay": 1,
        "twx-overlay-container": 5,
        "twx-overlay-body": 1,
        "twx-dt-picture": 1,
        "twx-popup": 2,
        "twx-gridlayout": 5,
        "twx-row": 20,
        "twx-col": 21,
        "twx-text-input": 2,
        "twx-toggle-button": 2,
        "twx-label": 6,
        "twx-button": 4
      }
    },
    {
      "timestamp": "2021-06-08T05:40:42.019Z",
      "action": "SAVE",
      "usage": {
        "twx-view": 1,
        "twx-dt-view": 1,
        "twx-dt-model": 1,
        "twx-overlay": 1,
        "twx-overlay-container": 5,
        "twx-overlay-body": 1,
        "twx-dt-picture": 1,
        "twx-popup": 2,
        "twx-gridlayout": 5,
        "twx-row": 20,
        "twx-col": 21,
        "twx-text-input": 2,
        "twx-toggle-button": 2,
        "twx-label": 6,
        "twx-button": 4
      }
    },
    {
      "timestamp": "2021-06-08T05:43:32.787Z",
      "action": "SAVE",
      "usage": {
        "twx-view": 1,
        "twx-dt-view": 1,
        "twx-dt-model": 1,
        "twx-overlay": 1,
        "twx-overlay-container": 5,
        "twx-overlay-body": 1,
        "twx-dt-picture": 1,
        "twx-popup": 2,
        "twx-gridlayout": 5,
        "twx-row": 20,
        "twx-col": 21,
        "twx-text-input": 2,
        "twx-toggle-button": 2,
        "twx-label": 6,
        "twx-button": 4
      }
    },
    {
      "timestamp": "2021-06-08T05:49:18.568Z",
      "action": "SAVE",
      "usage": {
        "twx-view": 1,
        "twx-dt-view": 1,
        "twx-dt-model": 1,
        "twx-overlay": 1,
        "twx-overlay-container": 5,
        "twx-overlay-body": 1,
        "twx-dt-picture": 1,
        "twx-popup": 2,
        "twx-gridlayout": 5,
        "twx-row": 20,
        "twx-col": 21,
        "twx-text-input": 2,
        "twx-toggle-button": 2,
        "twx-label": 6,
        "twx-button": 4
      }
    },
    {
      "timestamp": "2021-06-08T13:22:30.455Z",
      "action": "SAVE",
      "usage": {
        "twx-view": 1,
        "twx-dt-view": 1,
        "twx-dt-model": 1,
        "twx-overlay": 1,
        "twx-overlay-container": 5,
        "twx-overlay-body": 1,
        "twx-dt-picture": 1,
        "twx-popup": 2,
        "twx-gridlayout": 5,
        "twx-row": 20,
        "twx-col": 21,
        "twx-text-input": 2,
        "twx-toggle-button": 2,
        "twx-label": 6,
        "twx-button": 4
      }
    },
    {
      "timestamp": "2021-06-08T13:26:04.274Z",
      "action": "SAVE",
      "usage": {
        "twx-view": 1,
        "twx-dt-view": 1,
        "twx-dt-model": 1,
        "twx-overlay": 1,
        "twx-overlay-container": 5,
        "twx-overlay-body": 1,
        "twx-dt-picture": 1,
        "twx-popup": 2,
        "twx-gridlayout": 5,
        "twx-row": 20,
        "twx-col": 21,
        "twx-text-input": 2,
        "twx-toggle-button": 2,
        "twx-label": 6,
        "twx-button": 4
      }
    },
    {
      "timestamp": "2021-06-08T13:48:46.513Z",
      "action": "SAVE",
      "usage": {
        "twx-view": 1,
        "twx-dt-view": 1,
        "twx-dt-model": 1,
        "twx-overlay": 1,
        "twx-overlay-container": 5,
        "twx-overlay-body": 1,
        "twx-dt-picture": 1,
        "twx-popup": 2,
        "twx-gridlayout": 5,
        "twx-row": 20,
        "twx-col": 20,
        "twx-text-input": 2,
        "twx-toggle-button": 2,
        "twx-label": 6,
        "twx-button": 4
      }
    },
    {
      "timestamp": "2021-06-08T13:49:12.433Z",
      "action": "SAVE",
      "usage": {
        "twx-view": 1,
        "twx-dt-view": 1,
        "twx-dt-model": 1,
        "twx-overlay": 1,
        "twx-overlay-container": 5,
        "twx-overlay-body": 1,
        "twx-dt-picture": 1,
        "twx-popup": 2,
        "twx-gridlayout": 5,
        "twx-row": 20,
        "twx-col": 20,
        "twx-text-input": 2,
        "twx-toggle-button": 2,
        "twx-label": 6,
        "twx-button": 4
      }
    },
    {
      "timestamp": "2021-06-08T21:21:09.780Z",
      "action": "SAVE",
      "usage": {
        "twx-view": 1,
        "twx-dt-view": 1,
        "twx-dt-model": 1,
        "twx-overlay": 1,
        "twx-overlay-container": 5,
        "twx-overlay-body": 1,
        "twx-dt-picture": 1,
        "twx-popup": 2,
        "twx-gridlayout": 5,
        "twx-row": 20,
        "twx-col": 20,
        "twx-text-input": 2,
        "twx-toggle-button": 2,
        "twx-label": 6,
        "twx-button": 4
      }
    },
    {
      "timestamp": "2021-06-14T20:23:31.141Z",
      "action": "SAVE",
      "usage": {
        "twx-view": 1,
        "twx-dt-view": 1,
        "twx-dt-model": 1,
        "twx-overlay": 1,
        "twx-overlay-container": 5,
        "twx-overlay-body": 1,
        "twx-dt-picture": 1,
        "twx-popup": 2,
        "twx-gridlayout": 5,
        "twx-row": 20,
        "twx-col": 20,
        "twx-text-input": 2,
        "twx-toggle-button": 2,
        "twx-label": 6,
        "twx-button": 4
      }
    },
    {
      "timestamp": "2021-06-14T20:36:45.362Z",
      "action": "SAVE",
      "usage": {
        "twx-view": 1,
        "twx-dt-view": 1,
        "twx-dt-model": 1,
        "twx-overlay": 1,
        "twx-overlay-container": 5,
        "twx-overlay-body": 1,
        "twx-dt-picture": 1,
        "twx-popup": 2,
        "twx-gridlayout": 5,
        "twx-row": 20,
        "twx-col": 20,
        "twx-text-input": 2,
        "twx-toggle-button": 2,
        "twx-label": 6,
        "twx-button": 4
      }
    },
    {
      "timestamp": "2021-06-14T20:37:09.698Z",
      "action": "SAVE",
      "usage": {
        "twx-view": 1,
        "twx-dt-view": 1,
        "twx-dt-model": 1,
        "twx-overlay": 1,
        "twx-overlay-container": 5,
        "twx-overlay-body": 1,
        "twx-dt-picture": 1,
        "twx-popup": 2,
        "twx-gridlayout": 5,
        "twx-row": 20,
        "twx-col": 20,
        "twx-text-input": 2,
        "twx-toggle-button": 2,
        "twx-label": 6,
        "twx-button": 4
      }
    },
    {
      "timestamp": "2021-06-14T20:37:57.620Z",
      "action": "SAVE",
      "usage": {
        "twx-view": 1,
        "twx-dt-view": 1,
        "twx-dt-model": 1,
        "twx-overlay": 1,
        "twx-overlay-container": 5,
        "twx-overlay-body": 1,
        "twx-dt-picture": 1,
        "twx-popup": 2,
        "twx-gridlayout": 5,
        "twx-row": 20,
        "twx-col": 20,
        "twx-text-input": 2,
        "twx-toggle-button": 2,
        "twx-label": 6,
        "twx-button": 4
      }
    },
    {
      "timestamp": "2021-06-14T20:38:09.043Z",
      "action": "SAVE",
      "usage": {
        "twx-view": 1,
        "twx-dt-view": 1,
        "twx-dt-model": 1,
        "twx-overlay": 1,
        "twx-overlay-container": 5,
        "twx-overlay-body": 1,
        "twx-dt-picture": 1,
        "twx-popup": 2,
        "twx-gridlayout": 5,
        "twx-row": 20,
        "twx-col": 20,
        "twx-text-input": 2,
        "twx-toggle-button": 2,
        "twx-label": 6,
        "twx-button": 4
      }
    },
    {
      "timestamp": "2021-06-14T20:38:49.934Z",
      "action": "SAVE",
      "usage": {
        "twx-view": 1,
        "twx-dt-view": 1,
        "twx-dt-model": 1,
        "twx-overlay": 1,
        "twx-overlay-container": 5,
        "twx-overlay-body": 1,
        "twx-dt-picture": 1,
        "twx-popup": 2,
        "twx-gridlayout": 5,
        "twx-row": 20,
        "twx-col": 20,
        "twx-text-input": 2,
        "twx-toggle-button": 2,
        "twx-label": 6,
        "twx-button": 4
      }
    },
    {
      "timestamp": "2021-06-21T11:49:18.155Z",
      "action": "SAVE",
      "usage": {
        "twx-view": 1,
        "twx-dt-view": 1,
        "twx-dt-model": 1,
        "twx-overlay": 1,
        "twx-overlay-container": 5,
        "twx-overlay-body": 1,
        "twx-dt-picture": 1,
        "twx-popup": 2,
        "twx-gridlayout": 5,
        "twx-row": 20,
        "twx-col": 20,
        "twx-text-input": 2,
        "twx-toggle-button": 2,
        "twx-label": 6,
        "twx-button": 4
      }
    },
    {
      "timestamp": "2021-06-24T22:30:49.543Z",
      "action": "SAVE",
      "usage": {
        "twx-view": 1,
        "twx-dt-view": 1,
        "twx-dt-model": 1,
        "twx-overlay": 1,
        "twx-overlay-container": 5,
        "twx-overlay-body": 1,
        "twx-dt-picture": 1,
        "twx-popup": 2,
        "twx-gridlayout": 5,
        "twx-row": 20,
        "twx-col": 20,
        "twx-text-input": 2,
        "twx-toggle-button": 2,
        "twx-label": 6,
        "twx-button": 4
      }
    },
    {
      "timestamp": "2021-07-07T04:42:51.940Z",
      "action": "SAVE",
      "usage": {
        "twx-view": 1,
        "twx-dt-view": 1,
        "twx-dt-model": 1,
        "twx-overlay": 1,
        "twx-overlay-container": 5,
        "twx-overlay-body": 1,
        "twx-dt-picture": 1,
        "twx-popup": 2,
        "twx-gridlayout": 5,
        "twx-row": 20,
        "twx-col": 20,
        "twx-text-input": 2,
        "twx-toggle-button": 2,
        "twx-label": 6,
        "twx-button": 4
      }
    },
    {
      "timestamp": "2021-07-07T05:38:29.807Z",
      "action": "SAVE",
      "usage": {
        "twx-view": 1,
        "twx-dt-view": 1,
        "twx-dt-model": 1,
        "twx-overlay": 1,
        "twx-overlay-container": 5,
        "twx-overlay-body": 1,
        "twx-dt-picture": 1,
        "twx-popup": 2,
        "twx-gridlayout": 5,
        "twx-row": 20,
        "twx-col": 20,
        "twx-text-input": 2,
        "twx-toggle-button": 2,
        "twx-label": 6,
        "twx-button": 4
      }
    },
    {
      "timestamp": "2021-07-07T05:48:46.055Z",
      "action": "SAVE",
      "usage": {
        "twx-view": 1,
        "twx-dt-view": 1,
        "twx-dt-model": 1,
        "twx-overlay": 1,
        "twx-overlay-container": 5,
        "twx-overlay-body": 1,
        "twx-dt-picture": 1,
        "twx-popup": 2,
        "twx-gridlayout": 5,
        "twx-row": 20,
        "twx-col": 20,
        "twx-text-input": 2,
        "twx-toggle-button": 2,
        "twx-label": 6,
        "twx-button": 4
      }
    },
    {
      "timestamp": "2021-07-07T15:08:20.530Z",
      "action": "SAVE",
      "usage": {
        "twx-view": 1,
        "twx-dt-view": 1,
        "twx-dt-model": 1,
        "twx-overlay": 1,
        "twx-overlay-container": 5,
        "twx-overlay-body": 1,
        "twx-dt-picture": 1,
        "twx-popup": 2,
        "twx-gridlayout": 5,
        "twx-row": 20,
        "twx-col": 20,
        "twx-text-input": 2,
        "twx-toggle-button": 2,
        "twx-label": 6,
        "twx-button": 4
      }
    },
    {
      "timestamp": "2021-07-07T15:13:12.600Z",
      "action": "SAVE",
      "usage": {
        "twx-view": 1,
        "twx-dt-view": 1,
        "twx-dt-model": 1,
        "twx-overlay": 1,
        "twx-overlay-container": 5,
        "twx-overlay-body": 1,
        "twx-dt-picture": 1,
        "twx-popup": 2,
        "twx-gridlayout": 5,
        "twx-row": 20,
        "twx-col": 20,
        "twx-text-input": 2,
        "twx-toggle-button": 2,
        "twx-label": 6,
        "twx-button": 4
      }
    },
    {
      "timestamp": "2021-07-07T15:13:21.868Z",
      "action": "SAVE",
      "usage": {
        "twx-view": 1,
        "twx-dt-view": 1,
        "twx-dt-model": 1,
        "twx-overlay": 1,
        "twx-overlay-container": 5,
        "twx-overlay-body": 1,
        "twx-dt-picture": 1,
        "twx-popup": 2,
        "twx-gridlayout": 5,
        "twx-row": 20,
        "twx-col": 20,
        "twx-text-input": 2,
        "twx-toggle-button": 2,
        "twx-label": 6,
        "twx-button": 4
      }
    },
    {
      "timestamp": "2021-07-07T15:13:38.799Z",
      "action": "SAVE",
      "usage": {
        "twx-view": 1,
        "twx-dt-view": 1,
        "twx-dt-model": 1,
        "twx-overlay": 1,
        "twx-overlay-container": 5,
        "twx-overlay-body": 1,
        "twx-dt-picture": 1,
        "twx-popup": 2,
        "twx-gridlayout": 5,
        "twx-row": 20,
        "twx-col": 20,
        "twx-text-input": 2,
        "twx-toggle-button": 2,
        "twx-label": 6,
        "twx-button": 4
      }
    },
    {
      "timestamp": "2021-07-12T11:37:21.053Z",
      "action": "SAVE",
      "usage": {
        "twx-view": 1,
        "twx-dt-view": 1,
        "twx-dt-model": 1,
        "twx-overlay": 1,
        "twx-overlay-container": 5,
        "twx-overlay-body": 1,
        "twx-dt-picture": 1,
        "twx-popup": 2,
        "twx-gridlayout": 5,
        "twx-row": 20,
        "twx-col": 20,
        "twx-text-input": 2,
        "twx-toggle-button": 2,
        "twx-label": 6,
        "twx-button": 4
      }
    },
    {
      "timestamp": "2021-07-12T11:38:40.275Z",
      "action": "SAVE",
      "usage": {
        "twx-view": 1,
        "twx-dt-view": 1,
        "twx-dt-model": 1,
        "twx-overlay": 1,
        "twx-overlay-container": 5,
        "twx-overlay-body": 1,
        "twx-dt-picture": 1,
        "twx-popup": 2,
        "twx-gridlayout": 5,
        "twx-row": 20,
        "twx-col": 20,
        "twx-text-input": 2,
        "twx-toggle-button": 2,
        "twx-label": 6,
        "twx-button": 4
      }
    },
    {
      "timestamp": "2021-07-12T11:39:31.743Z",
      "action": "SAVE",
      "usage": {
        "twx-view": 1,
        "twx-dt-view": 1,
        "twx-dt-model": 1,
        "twx-overlay": 1,
        "twx-overlay-container": 5,
        "twx-overlay-body": 1,
        "twx-dt-picture": 1,
        "twx-popup": 2,
        "twx-gridlayout": 5,
        "twx-row": 20,
        "twx-col": 20,
        "twx-text-input": 2,
        "twx-toggle-button": 2,
        "twx-label": 6,
        "twx-button": 4
      }
    },
    {
      "timestamp": "2021-07-12T11:39:37.395Z",
      "action": "SAVE",
      "usage": {
        "twx-view": 1,
        "twx-dt-view": 1,
        "twx-dt-model": 1,
        "twx-overlay": 1,
        "twx-overlay-container": 5,
        "twx-overlay-body": 1,
        "twx-dt-picture": 1,
        "twx-popup": 2,
        "twx-gridlayout": 5,
        "twx-row": 20,
        "twx-col": 20,
        "twx-text-input": 2,
        "twx-toggle-button": 2,
        "twx-label": 6,
        "twx-button": 4
      }
    },
    {
      "timestamp": "2021-07-19T21:09:02.721Z",
      "action": "SAVE",
      "usage": {
        "twx-view": 1,
        "twx-dt-view": 1,
        "twx-dt-model": 1,
        "twx-overlay": 1,
        "twx-overlay-container": 5,
        "twx-overlay-body": 1,
        "twx-dt-picture": 1,
        "twx-popup": 2,
        "twx-gridlayout": 5,
        "twx-row": 20,
        "twx-col": 20,
        "twx-text-input": 2,
        "twx-toggle-button": 2,
        "twx-label": 6,
        "twx-button": 4
      }
    },
    {
      "timestamp": "2021-07-20T05:02:51.074Z",
      "action": "SAVE",
      "usage": {
        "twx-view": 1,
        "twx-dt-view": 1,
        "twx-dt-model": 1,
        "twx-overlay": 1,
        "twx-overlay-container": 5,
        "twx-overlay-body": 1,
        "twx-dt-picture": 1,
        "twx-popup": 2,
        "twx-gridlayout": 5,
        "twx-row": 20,
        "twx-col": 20,
        "twx-text-input": 2,
        "twx-toggle-button": 2,
        "twx-label": 6,
        "twx-button": 4
      }
    },
    {
      "timestamp": "2021-07-20T05:02:55.886Z",
      "action": "SAVE",
      "usage": {
        "twx-view": 1,
        "twx-dt-view": 1,
        "twx-dt-model": 1,
        "twx-overlay": 1,
        "twx-overlay-container": 5,
        "twx-overlay-body": 1,
        "twx-dt-picture": 1,
        "twx-popup": 2,
        "twx-gridlayout": 5,
        "twx-row": 20,
        "twx-col": 20,
        "twx-text-input": 2,
        "twx-toggle-button": 2,
        "twx-label": 6,
        "twx-button": 4
      }
    },
    {
      "timestamp": "2021-07-20T05:03:54.881Z",
      "action": "SAVE",
      "usage": {
        "twx-view": 1,
        "twx-dt-view": 1,
        "twx-dt-model": 1,
        "twx-overlay": 1,
        "twx-overlay-container": 5,
        "twx-overlay-body": 1,
        "twx-dt-picture": 1,
        "twx-popup": 2,
        "twx-gridlayout": 5,
        "twx-row": 20,
        "twx-col": 20,
        "twx-text-input": 2,
        "twx-toggle-button": 2,
        "twx-label": 6,
        "twx-button": 4
      }
    },
    {
      "timestamp": "2021-07-20T05:04:12.333Z",
      "action": "SAVE",
      "usage": {
        "twx-view": 1,
        "twx-dt-view": 1,
        "twx-dt-model": 1,
        "twx-overlay": 1,
        "twx-overlay-container": 5,
        "twx-overlay-body": 1,
        "twx-dt-picture": 1,
        "twx-popup": 2,
        "twx-gridlayout": 5,
        "twx-row": 20,
        "twx-col": 20,
        "twx-text-input": 2,
        "twx-toggle-button": 2,
        "twx-label": 6,
        "twx-button": 4
      }
    },
    {
      "timestamp": "2021-07-20T05:05:18.953Z",
      "action": "SAVE",
      "usage": {
        "twx-view": 1,
        "twx-dt-view": 1,
        "twx-dt-model": 1,
        "twx-overlay": 1,
        "twx-overlay-container": 5,
        "twx-overlay-body": 1,
        "twx-dt-picture": 1,
        "twx-popup": 2,
        "twx-gridlayout": 5,
        "twx-row": 20,
        "twx-col": 20,
        "twx-text-input": 2,
        "twx-toggle-button": 2,
        "twx-label": 6,
        "twx-button": 4
      }
    },
    {
      "timestamp": "2021-07-20T05:05:36.941Z",
      "action": "SAVE",
      "usage": {
        "twx-view": 1,
        "twx-dt-view": 1,
        "twx-dt-model": 1,
        "twx-overlay": 1,
        "twx-overlay-container": 5,
        "twx-overlay-body": 1,
        "twx-dt-picture": 1,
        "twx-popup": 2,
        "twx-gridlayout": 5,
        "twx-row": 20,
        "twx-col": 20,
        "twx-text-input": 2,
        "twx-toggle-button": 2,
        "twx-label": 6,
        "twx-button": 4
      }
    },
    {
      "timestamp": "2021-07-20T05:05:50.419Z",
      "action": "SAVE",
      "usage": {
        "twx-view": 1,
        "twx-dt-view": 1,
        "twx-dt-model": 1,
        "twx-overlay": 1,
        "twx-overlay-container": 5,
        "twx-overlay-body": 1,
        "twx-dt-picture": 1,
        "twx-popup": 2,
        "twx-gridlayout": 5,
        "twx-row": 20,
        "twx-col": 20,
        "twx-text-input": 2,
        "twx-toggle-button": 2,
        "twx-label": 6,
        "twx-button": 4
      }
    },
    {
      "timestamp": "2021-07-20T05:05:57.759Z",
      "action": "SAVE",
      "usage": {
        "twx-view": 1,
        "twx-dt-view": 1,
        "twx-dt-model": 1,
        "twx-overlay": 1,
        "twx-overlay-container": 5,
        "twx-overlay-body": 1,
        "twx-dt-picture": 1,
        "twx-popup": 2,
        "twx-gridlayout": 5,
        "twx-row": 20,
        "twx-col": 20,
        "twx-text-input": 2,
        "twx-toggle-button": 2,
        "twx-label": 6,
        "twx-button": 4
      }
    }
  ],
  "accessType": "private",
  "designedfor": []
}
