{
  "name": "",
  "version": "1.0.0",
  "requires": [
    "w320dp"
  ],
  "experiences": [
    {
      "vumark": "",
      "experienceType": "none",
      "id": 1,
      "index-keys": [],
      "title": {
        "en": "TW Image Training Demo"
      },
      "description": {
        "en": "",
        "en-US": ""
      },
      "requires": [
        "AR-tracking"
      ],
      "tags": [],
      "icon": "",
      "viewName": "Home",
      "url-template": "index.html?expId=1",
      "entryPoint": "index.html?expId=1",
      "thumbnail": "",
      "thingTemplateName": ""
    }
  ],
  "widgetsUsage": [
    {
      "timestamp": "2021-03-09T22:20:12.512Z",
      "action": "SAVE",
      "usage": {
        "twx-view": 1,
        "twx-dt-view": 1,
        "twx-overlay": 1,
        "twx-overlay-container": 5,
        "twx-overlay-body": 1
      }
    },
    {
      "timestamp": "2021-03-09T22:30:08.395Z",
      "action": "SAVE",
      "usage": {
        "twx-view": 1,
        "twx-dt-view": 1,
        "twx-dt-target-spatial": 1,
        "twx-dt-model": 1,
        "twx-overlay": 1,
        "twx-overlay-container": 5,
        "twx-overlay-body": 1
      }
    },
    {
      "timestamp": "2021-03-09T22:33:29.415Z",
      "action": "SAVE",
      "usage": {
        "twx-view": 1,
        "twx-dt-view": 1,
        "twx-dt-target-spatial": 1,
        "twx-dt-model": 1,
        "twx-overlay": 1,
        "twx-overlay-container": 5,
        "twx-overlay-body": 1
      }
    },
    {
      "timestamp": "2021-03-09T22:33:45.147Z",
      "action": "SAVE",
      "usage": {
        "twx-view": 1,
        "twx-dt-view": 1,
        "twx-dt-target-spatial": 1,
        "twx-dt-model": 1,
        "twx-overlay": 1,
        "twx-overlay-container": 5,
        "twx-overlay-body": 1
      }
    },
    {
      "timestamp": "2021-03-09T22:33:47.782Z",
      "action": "SAVE",
      "usage": {
        "twx-view": 1,
        "twx-dt-view": 1,
        "twx-dt-target-spatial": 1,
        "twx-dt-model": 1,
        "twx-overlay": 1,
        "twx-overlay-container": 5,
        "twx-overlay-body": 1
      }
    },
    {
      "timestamp": "2021-03-09T22:35:12.909Z",
      "action": "SAVE",
      "usage": {
        "twx-view": 1,
        "twx-dt-view": 1,
        "twx-dt-target-spatial": 1,
        "twx-dt-model": 1,
        "twx-overlay": 1,
        "twx-overlay-container": 5,
        "twx-overlay-body": 1
      }
    },
    {
      "timestamp": "2021-03-09T22:37:17.524Z",
      "action": "SAVE",
      "usage": {
        "twx-view": 1,
        "twx-dt-view": 1,
        "twx-dt-target-spatial": 1,
        "twx-dt-model": 1,
        "twx-overlay": 1,
        "twx-overlay-container": 5,
        "twx-overlay-body": 1
      }
    },
    {
      "timestamp": "2021-03-09T22:39:41.256Z",
      "action": "SAVE",
      "usage": {
        "twx-view": 1,
        "twx-dt-view": 1,
        "twx-dt-target-spatial": 1,
        "twx-dt-model": 1,
        "twx-overlay": 1,
        "twx-overlay-container": 5,
        "twx-overlay-body": 1
      }
    },
    {
      "timestamp": "2021-03-09T22:41:15.282Z",
      "action": "SAVE",
      "usage": {
        "twx-view": 1,
        "twx-dt-view": 1,
        "twx-dt-target-spatial": 1,
        "twx-dt-model": 1,
        "twx-overlay": 1,
        "twx-overlay-container": 5,
        "twx-overlay-body": 1
      }
    },
    {
      "timestamp": "2021-03-09T22:41:17.176Z",
      "action": "SAVE",
      "usage": {
        "twx-view": 1,
        "twx-dt-view": 1,
        "twx-dt-target-spatial": 1,
        "twx-dt-model": 1,
        "twx-overlay": 1,
        "twx-overlay-container": 5,
        "twx-overlay-body": 1
      }
    },
    {
      "timestamp": "2021-03-09T22:41:43.195Z",
      "action": "SAVE",
      "usage": {
        "twx-view": 1,
        "twx-dt-view": 1,
        "twx-dt-target-spatial": 1,
        "twx-dt-model": 1,
        "twx-overlay": 1,
        "twx-overlay-container": 5,
        "twx-overlay-body": 1
      }
    },
    {
      "timestamp": "2021-03-09T22:42:11.372Z",
      "action": "SAVE",
      "usage": {
        "twx-view": 1,
        "twx-dt-view": 1,
        "twx-dt-target-spatial": 1,
        "twx-dt-model": 1,
        "twx-overlay": 1,
        "twx-overlay-container": 5,
        "twx-overlay-body": 1
      }
    },
    {
      "timestamp": "2021-03-09T22:43:01.314Z",
      "action": "SAVE",
      "usage": {
        "twx-view": 1,
        "twx-dt-view": 1,
        "twx-dt-target-spatial": 1,
        "twx-dt-model": 1,
        "twx-overlay": 1,
        "twx-overlay-container": 5,
        "twx-overlay-body": 1
      }
    },
    {
      "timestamp": "2021-03-09T22:43:38.310Z",
      "action": "SAVE",
      "usage": {
        "twx-view": 1,
        "twx-dt-view": 1,
        "twx-dt-target-spatial": 1,
        "twx-dt-model": 1,
        "twx-overlay": 1,
        "twx-overlay-container": 5,
        "twx-overlay-body": 1
      }
    },
    {
      "timestamp": "2021-03-09T22:43:46.263Z",
      "action": "SAVE",
      "usage": {
        "twx-view": 1,
        "twx-dt-view": 1,
        "twx-dt-target-spatial": 1,
        "twx-dt-model": 1,
        "twx-overlay": 1,
        "twx-overlay-container": 5,
        "twx-overlay-body": 1
      }
    },
    {
      "timestamp": "2021-03-09T22:43:48.843Z",
      "action": "SAVE",
      "usage": {
        "twx-view": 1,
        "twx-dt-view": 1,
        "twx-dt-target-spatial": 1,
        "twx-dt-model": 1,
        "twx-overlay": 1,
        "twx-overlay-container": 5,
        "twx-overlay-body": 1
      }
    },
    {
      "timestamp": "2021-03-09T22:45:35.212Z",
      "action": "SAVE",
      "usage": {
        "twx-view": 1,
        "twx-dt-view": 1,
        "twx-dt-target-spatial": 1,
        "twx-dt-model": 1,
        "twx-overlay": 1,
        "twx-overlay-container": 5,
        "twx-overlay-body": 1
      }
    },
    {
      "timestamp": "2021-03-09T22:47:35.518Z",
      "action": "SAVE",
      "usage": {
        "twx-view": 1,
        "twx-dt-view": 1,
        "twx-dt-target-spatial": 1,
        "twx-dt-model": 1,
        "twx-overlay": 1,
        "twx-overlay-container": 5,
        "twx-overlay-body": 1
      }
    },
    {
      "timestamp": "2021-03-09T22:59:33.973Z",
      "action": "SAVE",
      "usage": {
        "twx-view": 1,
        "twx-dt-view": 1,
        "twx-dt-target-spatial": 1,
        "twx-dt-model": 1,
        "twx-dt-image": 2,
        "twx-overlay": 1,
        "twx-overlay-container": 5,
        "twx-gridlayout": 3,
        "twx-row": 5,
        "twx-col": 6,
        "twx-text-input": 1,
        "twx-toggle": 1,
        "twx-overlay-body": 1,
        "twx-popup": 1,
        "twx-image2": 1,
        "twx-label": 1,
        "twx-range": 1,
        "twx-button": 1
      }
    },
    {
      "timestamp": "2021-03-09T23:06:53.214Z",
      "action": "SAVE",
      "usage": {
        "twx-view": 1,
        "twx-dt-view": 1,
        "twx-dt-target-spatial": 1,
        "twx-dt-model": 1,
        "twx-dt-image": 2,
        "twx-dt-picture": 1,
        "twx-overlay": 1,
        "twx-overlay-container": 5,
        "twx-gridlayout": 3,
        "twx-row": 5,
        "twx-col": 6,
        "twx-text-input": 1,
        "twx-toggle": 1,
        "twx-overlay-body": 1,
        "twx-popup": 1,
        "twx-image2": 1,
        "twx-label": 1,
        "twx-range": 1,
        "twx-button": 1
      }
    },
    {
      "timestamp": "2021-03-09T23:16:41.793Z",
      "action": "SAVE",
      "usage": {
        "twx-view": 1,
        "twx-dt-view": 1,
        "twx-dt-target-spatial": 1,
        "twx-dt-model": 1,
        "twx-dt-image": 2,
        "twx-dt-picture": 1,
        "twx-overlay": 1,
        "twx-overlay-container": 5,
        "twx-gridlayout": 3,
        "twx-row": 5,
        "twx-col": 6,
        "twx-text-input": 1,
        "twx-toggle": 1,
        "twx-overlay-body": 1,
        "twx-popup": 1,
        "twx-image2": 1,
        "twx-label": 1,
        "twx-range": 1,
        "twx-button": 1
      }
    },
    {
      "timestamp": "2021-03-09T23:17:04.992Z",
      "action": "SAVE",
      "usage": {
        "twx-view": 1,
        "twx-dt-view": 1,
        "twx-dt-target-spatial": 1,
        "twx-dt-model": 1,
        "twx-dt-image": 2,
        "twx-dt-picture": 1,
        "twx-overlay": 1,
        "twx-overlay-container": 5,
        "twx-gridlayout": 3,
        "twx-row": 5,
        "twx-col": 6,
        "twx-text-input": 1,
        "twx-toggle": 1,
        "twx-overlay-body": 1,
        "twx-popup": 1,
        "twx-image2": 1,
        "twx-label": 1,
        "twx-range": 1,
        "twx-button": 1
      }
    },
    {
      "timestamp": "2021-03-09T23:19:10.099Z",
      "action": "SAVE",
      "usage": {
        "twx-view": 1,
        "twx-dt-view": 1,
        "twx-dt-target-spatial": 1,
        "twx-dt-model": 1,
        "twx-dt-image": 2,
        "twx-dt-picture": 1,
        "twx-overlay": 1,
        "twx-overlay-container": 5,
        "twx-gridlayout": 3,
        "twx-row": 5,
        "twx-col": 6,
        "twx-text-input": 1,
        "twx-toggle": 1,
        "twx-overlay-body": 1,
        "twx-popup": 1,
        "twx-image2": 1,
        "twx-label": 1,
        "twx-range": 1,
        "twx-button": 1
      }
    },
    {
      "timestamp": "2021-03-09T23:19:47.829Z",
      "action": "SAVE",
      "usage": {
        "twx-view": 1,
        "twx-dt-view": 1,
        "twx-dt-target-spatial": 1,
        "twx-dt-model": 1,
        "twx-dt-image": 2,
        "twx-dt-picture": 1,
        "twx-overlay": 1,
        "twx-overlay-container": 5,
        "twx-gridlayout": 3,
        "twx-row": 5,
        "twx-col": 6,
        "twx-text-input": 1,
        "twx-toggle": 1,
        "twx-overlay-body": 1,
        "twx-popup": 1,
        "twx-image2": 1,
        "twx-label": 1,
        "twx-range": 1,
        "twx-button": 1
      }
    },
    {
      "timestamp": "2021-03-09T23:22:58.093Z",
      "action": "SAVE",
      "usage": {
        "twx-view": 1,
        "twx-dt-view": 1,
        "twx-dt-target-spatial": 1,
        "twx-dt-model": 1,
        "twx-dt-image": 2,
        "twx-dt-picture": 1,
        "twx-overlay": 1,
        "twx-overlay-container": 5,
        "twx-gridlayout": 3,
        "twx-row": 5,
        "twx-col": 6,
        "twx-text-input": 1,
        "twx-toggle": 1,
        "twx-overlay-body": 1,
        "twx-popup": 1,
        "twx-image2": 1,
        "twx-label": 1,
        "twx-range": 1,
        "twx-button": 1
      }
    },
    {
      "timestamp": "2021-03-09T23:27:11.672Z",
      "action": "SAVE",
      "usage": {
        "twx-view": 1,
        "twx-dt-view": 1,
        "twx-dt-target-spatial": 1,
        "twx-dt-model": 1,
        "twx-dt-image": 2,
        "twx-dt-picture": 1,
        "twx-overlay": 1,
        "twx-overlay-container": 5,
        "twx-gridlayout": 3,
        "twx-row": 5,
        "twx-col": 6,
        "twx-text-input": 1,
        "twx-toggle": 1,
        "twx-overlay-body": 1,
        "twx-popup": 1,
        "twx-image2": 1,
        "twx-label": 1,
        "twx-range": 1,
        "twx-button": 1
      }
    },
    {
      "timestamp": "2021-03-09T23:30:17.938Z",
      "action": "SAVE",
      "usage": {
        "twx-view": 1,
        "twx-dt-view": 1,
        "twx-dt-target-spatial": 1,
        "twx-dt-model": 1,
        "twx-dt-image": 2,
        "twx-dt-picture": 1,
        "twx-overlay": 1,
        "twx-overlay-container": 5,
        "twx-gridlayout": 3,
        "twx-row": 5,
        "twx-col": 6,
        "twx-text-input": 1,
        "twx-toggle": 1,
        "twx-overlay-body": 1,
        "twx-popup": 1,
        "twx-image2": 1,
        "twx-label": 1,
        "twx-range": 1,
        "twx-button": 1
      }
    },
    {
      "timestamp": "2021-03-09T23:31:09.373Z",
      "action": "SAVE",
      "usage": {
        "twx-view": 1,
        "twx-dt-view": 1,
        "twx-dt-target-spatial": 1,
        "twx-dt-model": 1,
        "twx-dt-image": 2,
        "twx-dt-picture": 1,
        "twx-overlay": 1,
        "twx-overlay-container": 5,
        "twx-gridlayout": 3,
        "twx-row": 5,
        "twx-col": 6,
        "twx-text-input": 1,
        "twx-toggle": 1,
        "twx-overlay-body": 1,
        "twx-popup": 1,
        "twx-image2": 1,
        "twx-label": 1,
        "twx-range": 1,
        "twx-button": 1
      }
    },
    {
      "timestamp": "2021-03-10T00:33:20.544Z",
      "action": "SAVE",
      "usage": {
        "twx-view": 1,
        "twx-dt-view": 1,
        "twx-dt-target-spatial": 1,
        "twx-dt-model": 1,
        "twx-dt-image": 2,
        "twx-dt-picture": 1,
        "twx-overlay": 1,
        "twx-overlay-container": 5,
        "twx-gridlayout": 3,
        "twx-row": 5,
        "twx-col": 6,
        "twx-text-input": 1,
        "twx-toggle": 1,
        "twx-overlay-body": 1,
        "twx-popup": 1,
        "twx-image2": 1,
        "twx-label": 1,
        "twx-range": 1,
        "twx-button": 1
      }
    },
    {
      "timestamp": "2021-03-10T00:34:34.428Z",
      "action": "SAVE",
      "usage": {
        "twx-view": 1,
        "twx-dt-view": 1,
        "twx-dt-target-spatial": 1,
        "twx-dt-model": 1,
        "twx-dt-image": 2,
        "twx-dt-picture": 1,
        "twx-overlay": 1,
        "twx-overlay-container": 5,
        "twx-gridlayout": 3,
        "twx-row": 5,
        "twx-col": 6,
        "twx-text-input": 1,
        "twx-toggle": 1,
        "twx-overlay-body": 1,
        "twx-popup": 1,
        "twx-image2": 1,
        "twx-label": 1,
        "twx-range": 1,
        "twx-button": 1
      }
    },
    {
      "timestamp": "2021-03-10T03:41:16.618Z",
      "action": "SAVE",
      "usage": {
        "twx-view": 1,
        "twx-dt-view": 1,
        "twx-dt-target-spatial": 1,
        "twx-dt-model": 1,
        "twx-dt-image": 2,
        "twx-dt-picture": 1,
        "twx-overlay": 1,
        "twx-overlay-container": 5,
        "twx-gridlayout": 3,
        "twx-row": 5,
        "twx-col": 6,
        "twx-text-input": 1,
        "twx-toggle": 1,
        "twx-overlay-body": 1,
        "twx-popup": 1,
        "twx-image2": 1,
        "twx-label": 1,
        "twx-range": 1,
        "twx-button": 1
      }
    },
    {
      "timestamp": "2021-03-10T03:49:14.643Z",
      "action": "SAVE",
      "usage": {
        "twx-view": 1,
        "twx-dt-view": 1,
        "twx-dt-target-spatial": 1,
        "twx-dt-model": 1,
        "twx-dt-image": 2,
        "twx-dt-picture": 1,
        "twx-overlay": 1,
        "twx-overlay-container": 5,
        "twx-gridlayout": 3,
        "twx-row": 5,
        "twx-col": 6,
        "twx-text-input": 1,
        "twx-toggle": 1,
        "twx-overlay-body": 1,
        "twx-popup": 1,
        "twx-image2": 1,
        "twx-label": 1,
        "twx-range": 1,
        "twx-button": 1
      }
    },
    {
      "timestamp": "2021-03-10T03:52:12.150Z",
      "action": "SAVE",
      "usage": {
        "twx-view": 1,
        "twx-dt-view": 1,
        "twx-dt-target-spatial": 1,
        "twx-dt-model": 1,
        "twx-dt-image": 2,
        "twx-dt-picture": 1,
        "twx-overlay": 1,
        "twx-overlay-container": 5,
        "twx-gridlayout": 3,
        "twx-row": 5,
        "twx-col": 6,
        "twx-text-input": 1,
        "twx-toggle": 1,
        "twx-overlay-body": 1,
        "twx-popup": 1,
        "twx-image2": 1,
        "twx-label": 1,
        "twx-range": 1,
        "twx-button": 1
      }
    },
    {
      "timestamp": "2021-03-10T03:52:14.959Z",
      "action": "SAVE",
      "usage": {
        "twx-view": 1,
        "twx-dt-view": 1,
        "twx-dt-target-spatial": 1,
        "twx-dt-model": 1,
        "twx-dt-image": 2,
        "twx-dt-picture": 1,
        "twx-overlay": 1,
        "twx-overlay-container": 5,
        "twx-gridlayout": 3,
        "twx-row": 5,
        "twx-col": 6,
        "twx-text-input": 1,
        "twx-toggle": 1,
        "twx-overlay-body": 1,
        "twx-popup": 1,
        "twx-image2": 1,
        "twx-label": 1,
        "twx-range": 1,
        "twx-button": 1
      }
    },
    {
      "timestamp": "2021-03-10T03:52:59.423Z",
      "action": "SAVE",
      "usage": {
        "twx-view": 1,
        "twx-dt-view": 1,
        "twx-dt-target-spatial": 1,
        "twx-dt-model": 1,
        "twx-dt-image": 2,
        "twx-dt-picture": 1,
        "twx-overlay": 1,
        "twx-overlay-container": 5,
        "twx-gridlayout": 3,
        "twx-row": 5,
        "twx-col": 6,
        "twx-text-input": 1,
        "twx-toggle": 1,
        "twx-overlay-body": 1,
        "twx-popup": 1,
        "twx-image2": 1,
        "twx-label": 1,
        "twx-range": 1,
        "twx-button": 1
      }
    },
    {
      "timestamp": "2021-03-10T03:53:42.703Z",
      "action": "SAVE",
      "usage": {
        "twx-view": 1,
        "twx-dt-view": 1,
        "twx-dt-target-spatial": 1,
        "twx-dt-model": 1,
        "twx-dt-image": 2,
        "twx-dt-picture": 1,
        "twx-overlay": 1,
        "twx-overlay-container": 5,
        "twx-gridlayout": 3,
        "twx-row": 5,
        "twx-col": 6,
        "twx-text-input": 1,
        "twx-toggle": 1,
        "twx-overlay-body": 1,
        "twx-popup": 1,
        "twx-image2": 1,
        "twx-label": 1,
        "twx-range": 1,
        "twx-button": 1
      }
    },
    {
      "timestamp": "2021-03-10T03:54:33.945Z",
      "action": "SAVE",
      "usage": {
        "twx-view": 1,
        "twx-dt-view": 1,
        "twx-dt-target-spatial": 1,
        "twx-dt-model": 1,
        "twx-dt-image": 2,
        "twx-dt-picture": 1,
        "twx-overlay": 1,
        "twx-overlay-container": 5,
        "twx-gridlayout": 3,
        "twx-row": 5,
        "twx-col": 6,
        "twx-text-input": 1,
        "twx-toggle": 1,
        "twx-overlay-body": 1,
        "twx-popup": 1,
        "twx-image2": 1,
        "twx-label": 1,
        "twx-range": 1,
        "twx-button": 1
      }
    },
    {
      "timestamp": "2021-03-10T03:54:38.516Z",
      "action": "SAVE",
      "usage": {
        "twx-view": 1,
        "twx-dt-view": 1,
        "twx-dt-target-spatial": 1,
        "twx-dt-model": 1,
        "twx-dt-image": 2,
        "twx-dt-picture": 1,
        "twx-overlay": 1,
        "twx-overlay-container": 5,
        "twx-gridlayout": 3,
        "twx-row": 5,
        "twx-col": 6,
        "twx-text-input": 1,
        "twx-toggle": 1,
        "twx-overlay-body": 1,
        "twx-popup": 1,
        "twx-image2": 1,
        "twx-label": 1,
        "twx-range": 1,
        "twx-button": 1
      }
    },
    {
      "timestamp": "2021-03-10T03:54:41.268Z",
      "action": "SAVE",
      "usage": {
        "twx-view": 1,
        "twx-dt-view": 1,
        "twx-dt-target-spatial": 1,
        "twx-dt-model": 1,
        "twx-dt-image": 2,
        "twx-dt-picture": 1,
        "twx-overlay": 1,
        "twx-overlay-container": 5,
        "twx-gridlayout": 3,
        "twx-row": 5,
        "twx-col": 6,
        "twx-text-input": 1,
        "twx-toggle": 1,
        "twx-overlay-body": 1,
        "twx-popup": 1,
        "twx-image2": 1,
        "twx-label": 1,
        "twx-range": 1,
        "twx-button": 1
      }
    },
    {
      "timestamp": "2021-03-10T03:55:46.258Z",
      "action": "SAVE",
      "usage": {
        "twx-view": 1,
        "twx-dt-view": 1,
        "twx-dt-target-spatial": 1,
        "twx-dt-model": 1,
        "twx-dt-image": 2,
        "twx-dt-picture": 1,
        "twx-overlay": 1,
        "twx-overlay-container": 5,
        "twx-gridlayout": 3,
        "twx-row": 5,
        "twx-col": 6,
        "twx-text-input": 1,
        "twx-toggle": 1,
        "twx-overlay-body": 1,
        "twx-popup": 1,
        "twx-image2": 1,
        "twx-label": 1,
        "twx-range": 1,
        "twx-button": 1
      }
    },
    {
      "timestamp": "2021-03-10T03:56:26.730Z",
      "action": "SAVE",
      "usage": {
        "twx-view": 1,
        "twx-dt-view": 1,
        "twx-dt-target-spatial": 1,
        "twx-dt-model": 1,
        "twx-dt-image": 2,
        "twx-dt-picture": 1,
        "twx-overlay": 1,
        "twx-overlay-container": 5,
        "twx-gridlayout": 3,
        "twx-row": 5,
        "twx-col": 6,
        "twx-text-input": 1,
        "twx-toggle": 1,
        "twx-overlay-body": 1,
        "twx-popup": 1,
        "twx-image2": 1,
        "twx-label": 1,
        "twx-range": 1,
        "twx-button": 1
      }
    },
    {
      "timestamp": "2021-03-10T03:56:38.383Z",
      "action": "SAVE",
      "usage": {
        "twx-view": 1,
        "twx-dt-view": 1,
        "twx-dt-target-spatial": 1,
        "twx-dt-model": 1,
        "twx-dt-image": 2,
        "twx-dt-picture": 1,
        "twx-overlay": 1,
        "twx-overlay-container": 5,
        "twx-gridlayout": 3,
        "twx-row": 5,
        "twx-col": 6,
        "twx-text-input": 1,
        "twx-toggle": 1,
        "twx-overlay-body": 1,
        "twx-popup": 1,
        "twx-image2": 1,
        "twx-label": 1,
        "twx-range": 1,
        "twx-button": 1
      }
    },
    {
      "timestamp": "2021-03-10T03:57:55.513Z",
      "action": "SAVE",
      "usage": {
        "twx-view": 1,
        "twx-dt-view": 1,
        "twx-dt-target-spatial": 1,
        "twx-dt-model": 1,
        "twx-dt-image": 2,
        "twx-dt-picture": 1,
        "twx-overlay": 1,
        "twx-overlay-container": 5,
        "twx-gridlayout": 3,
        "twx-row": 5,
        "twx-col": 6,
        "twx-text-input": 1,
        "twx-toggle": 1,
        "twx-overlay-body": 1,
        "twx-popup": 1,
        "twx-image2": 1,
        "twx-label": 1,
        "twx-range": 1,
        "twx-button": 1
      }
    },
    {
      "timestamp": "2021-03-10T03:59:05.591Z",
      "action": "SAVE",
      "usage": {
        "twx-view": 1,
        "twx-dt-view": 1,
        "twx-dt-target-spatial": 1,
        "twx-dt-model": 1,
        "twx-dt-image": 2,
        "twx-dt-picture": 1,
        "twx-overlay": 1,
        "twx-overlay-container": 5,
        "twx-gridlayout": 3,
        "twx-row": 5,
        "twx-col": 6,
        "twx-text-input": 1,
        "twx-toggle": 1,
        "twx-overlay-body": 1,
        "twx-popup": 1,
        "twx-image2": 1,
        "twx-label": 1,
        "twx-range": 1,
        "twx-button": 1
      }
    },
    {
      "timestamp": "2021-03-10T03:59:34.152Z",
      "action": "SAVE",
      "usage": {
        "twx-view": 1,
        "twx-dt-view": 1,
        "twx-dt-target-spatial": 1,
        "twx-dt-model": 1,
        "twx-dt-image": 2,
        "twx-dt-picture": 1,
        "twx-overlay": 1,
        "twx-overlay-container": 5,
        "twx-gridlayout": 3,
        "twx-row": 5,
        "twx-col": 6,
        "twx-text-input": 1,
        "twx-toggle": 1,
        "twx-overlay-body": 1,
        "twx-popup": 1,
        "twx-image2": 1,
        "twx-label": 1,
        "twx-range": 1,
        "twx-button": 1
      }
    },
    {
      "timestamp": "2021-03-10T04:08:25.660Z",
      "action": "SAVE",
      "usage": {
        "twx-view": 1,
        "twx-dt-view": 1,
        "twx-dt-target-spatial": 1,
        "twx-dt-model": 1,
        "twx-dt-image": 2,
        "twx-dt-picture": 1,
        "twx-overlay": 1,
        "twx-overlay-container": 5,
        "twx-gridlayout": 3,
        "twx-row": 5,
        "twx-col": 6,
        "twx-text-input": 1,
        "twx-toggle": 1,
        "twx-overlay-body": 1,
        "twx-popup": 1,
        "twx-image2": 1,
        "twx-label": 1,
        "twx-range": 1,
        "twx-button": 1
      }
    },
    {
      "timestamp": "2021-03-10T04:09:55.444Z",
      "action": "SAVE",
      "usage": {
        "twx-view": 1,
        "twx-dt-view": 1,
        "twx-dt-target-spatial": 1,
        "twx-dt-model": 1,
        "twx-dt-image": 2,
        "twx-dt-picture": 1,
        "twx-overlay": 1,
        "twx-overlay-container": 5,
        "twx-gridlayout": 3,
        "twx-row": 5,
        "twx-col": 6,
        "twx-text-input": 1,
        "twx-toggle": 1,
        "twx-overlay-body": 1,
        "twx-popup": 1,
        "twx-image2": 1,
        "twx-label": 1,
        "twx-range": 1,
        "twx-button": 1
      }
    },
    {
      "timestamp": "2021-03-10T04:12:07.403Z",
      "action": "SAVE",
      "usage": {
        "twx-view": 1,
        "twx-dt-view": 1,
        "twx-dt-target-spatial": 1,
        "twx-dt-model": 1,
        "twx-dt-image": 2,
        "twx-dt-picture": 1,
        "twx-overlay": 1,
        "twx-overlay-container": 5,
        "twx-gridlayout": 3,
        "twx-row": 5,
        "twx-col": 6,
        "twx-text-input": 1,
        "twx-toggle": 1,
        "twx-overlay-body": 1,
        "twx-popup": 1,
        "twx-image2": 1,
        "twx-label": 1,
        "twx-range": 1,
        "twx-button": 1
      }
    },
    {
      "timestamp": "2021-03-10T04:14:08.935Z",
      "action": "SAVE",
      "usage": {
        "twx-view": 1,
        "twx-dt-view": 1,
        "twx-dt-target-spatial": 1,
        "twx-dt-model": 1,
        "twx-dt-image": 2,
        "twx-dt-picture": 1,
        "twx-overlay": 1,
        "twx-overlay-container": 5,
        "twx-gridlayout": 3,
        "twx-row": 5,
        "twx-col": 6,
        "twx-text-input": 1,
        "twx-toggle": 1,
        "twx-overlay-body": 1,
        "twx-popup": 1,
        "twx-image2": 1,
        "twx-label": 1,
        "twx-range": 1,
        "twx-button": 1
      }
    },
    {
      "timestamp": "2021-03-10T04:15:21.432Z",
      "action": "SAVE",
      "usage": {
        "twx-view": 1,
        "twx-dt-view": 1,
        "twx-dt-target-spatial": 1,
        "twx-dt-model": 1,
        "twx-dt-image": 2,
        "twx-dt-picture": 1,
        "twx-overlay": 1,
        "twx-overlay-container": 5,
        "twx-gridlayout": 3,
        "twx-row": 5,
        "twx-col": 6,
        "twx-text-input": 1,
        "twx-toggle": 1,
        "twx-overlay-body": 1,
        "twx-popup": 1,
        "twx-image2": 1,
        "twx-label": 1,
        "twx-range": 1,
        "twx-button": 1
      }
    },
    {
      "timestamp": "2021-03-10T04:16:04.569Z",
      "action": "SAVE",
      "usage": {
        "twx-view": 1,
        "twx-dt-view": 1,
        "twx-dt-target-spatial": 1,
        "twx-dt-model": 1,
        "twx-dt-image": 2,
        "twx-dt-picture": 1,
        "twx-overlay": 1,
        "twx-overlay-container": 5,
        "twx-gridlayout": 3,
        "twx-row": 5,
        "twx-col": 6,
        "twx-text-input": 1,
        "twx-toggle": 1,
        "twx-overlay-body": 1,
        "twx-popup": 1,
        "twx-image2": 1,
        "twx-label": 1,
        "twx-range": 1,
        "twx-button": 1
      }
    },
    {
      "timestamp": "2021-03-10T04:16:20.330Z",
      "action": "SAVE",
      "usage": {
        "twx-view": 1,
        "twx-dt-view": 1,
        "twx-dt-target-spatial": 1,
        "twx-dt-model": 1,
        "twx-dt-image": 2,
        "twx-dt-picture": 1,
        "twx-overlay": 1,
        "twx-overlay-container": 5,
        "twx-gridlayout": 3,
        "twx-row": 5,
        "twx-col": 6,
        "twx-text-input": 1,
        "twx-toggle": 1,
        "twx-overlay-body": 1,
        "twx-popup": 1,
        "twx-image2": 1,
        "twx-label": 1,
        "twx-range": 1,
        "twx-button": 1
      }
    },
    {
      "timestamp": "2021-03-10T04:22:39.459Z",
      "action": "SAVE",
      "usage": {
        "twx-view": 1,
        "twx-dt-view": 1,
        "twx-dt-target-spatial": 1,
        "twx-dt-model": 1,
        "twx-dt-image": 2,
        "twx-dt-picture": 1,
        "twx-overlay": 1,
        "twx-overlay-container": 5,
        "twx-gridlayout": 3,
        "twx-row": 5,
        "twx-col": 6,
        "twx-text-input": 1,
        "twx-toggle": 1,
        "twx-overlay-body": 1,
        "twx-popup": 1,
        "twx-image2": 1,
        "twx-label": 1,
        "twx-range": 1,
        "twx-button": 1
      }
    },
    {
      "timestamp": "2021-03-10T12:07:57.496Z",
      "action": "SAVE",
      "usage": {
        "twx-view": 1,
        "twx-dt-view": 1,
        "twx-dt-target-spatial": 1,
        "twx-dt-model": 1,
        "twx-dt-image": 2,
        "twx-dt-picture": 1,
        "twx-overlay": 1,
        "twx-overlay-container": 5,
        "twx-gridlayout": 3,
        "twx-row": 5,
        "twx-col": 6,
        "twx-text-input": 1,
        "twx-toggle": 1,
        "twx-overlay-body": 1,
        "twx-popup": 1,
        "twx-image2": 1,
        "twx-label": 1,
        "twx-range": 1,
        "twx-button": 1
      }
    },
    {
      "timestamp": "2021-03-10T12:10:39.025Z",
      "action": "SAVE",
      "usage": {
        "twx-view": 1,
        "twx-dt-view": 1,
        "twx-dt-target-spatial": 1,
        "twx-dt-model": 1,
        "twx-dt-image": 2,
        "twx-dt-picture": 1,
        "twx-overlay": 1,
        "twx-overlay-container": 5,
        "twx-gridlayout": 3,
        "twx-row": 6,
        "twx-col": 7,
        "twx-text-input": 1,
        "twx-toggle": 1,
        "twx-overlay-body": 1,
        "twx-popup": 1,
        "twx-image2": 1,
        "twx-label": 2,
        "twx-range": 1,
        "twx-button": 1
      }
    },
    {
      "timestamp": "2021-03-10T12:12:22.628Z",
      "action": "SAVE",
      "usage": {
        "twx-view": 1,
        "twx-dt-view": 1,
        "twx-dt-target-spatial": 1,
        "twx-dt-model": 1,
        "twx-dt-image": 2,
        "twx-dt-picture": 1,
        "twx-overlay": 1,
        "twx-overlay-container": 5,
        "twx-gridlayout": 3,
        "twx-row": 6,
        "twx-col": 7,
        "twx-text-input": 1,
        "twx-toggle": 1,
        "twx-overlay-body": 1,
        "twx-popup": 1,
        "twx-image2": 1,
        "twx-label": 2,
        "twx-range": 1,
        "twx-button": 1
      }
    },
    {
      "timestamp": "2021-03-10T12:13:40.436Z",
      "action": "SAVE",
      "usage": {
        "twx-view": 1,
        "twx-dt-view": 1,
        "twx-dt-target-spatial": 1,
        "twx-dt-model": 1,
        "twx-dt-image": 2,
        "twx-dt-picture": 1,
        "twx-overlay": 1,
        "twx-overlay-container": 5,
        "twx-gridlayout": 3,
        "twx-row": 6,
        "twx-col": 7,
        "twx-text-input": 1,
        "twx-toggle": 1,
        "twx-overlay-body": 1,
        "twx-popup": 1,
        "twx-image2": 1,
        "twx-label": 2,
        "twx-range": 1,
        "twx-button": 1
      }
    },
    {
      "timestamp": "2021-03-10T12:14:13.898Z",
      "action": "SAVE",
      "usage": {
        "twx-view": 1,
        "twx-dt-view": 1,
        "twx-dt-target-spatial": 1,
        "twx-dt-model": 1,
        "twx-dt-image": 2,
        "twx-dt-picture": 1,
        "twx-overlay": 1,
        "twx-overlay-container": 5,
        "twx-gridlayout": 3,
        "twx-row": 6,
        "twx-col": 7,
        "twx-text-input": 1,
        "twx-toggle": 1,
        "twx-overlay-body": 1,
        "twx-popup": 1,
        "twx-image2": 1,
        "twx-label": 2,
        "twx-range": 1,
        "twx-button": 1
      }
    },
    {
      "timestamp": "2021-03-10T12:18:32.809Z",
      "action": "SAVE",
      "usage": {
        "twx-view": 1,
        "twx-dt-view": 1,
        "twx-dt-target-spatial": 1,
        "twx-dt-model": 1,
        "twx-dt-image": 2,
        "twx-dt-picture": 1,
        "twx-overlay": 1,
        "twx-overlay-container": 5,
        "twx-gridlayout": 3,
        "twx-row": 6,
        "twx-col": 7,
        "twx-text-input": 1,
        "twx-toggle": 1,
        "twx-overlay-body": 1,
        "twx-popup": 1,
        "twx-image2": 1,
        "twx-label": 2,
        "twx-range": 1,
        "twx-button": 1
      }
    },
    {
      "timestamp": "2021-03-10T12:19:16.029Z",
      "action": "SAVE",
      "usage": {
        "twx-view": 1,
        "twx-dt-view": 1,
        "twx-dt-target-spatial": 1,
        "twx-dt-model": 1,
        "twx-dt-image": 2,
        "twx-dt-picture": 1,
        "twx-overlay": 1,
        "twx-overlay-container": 5,
        "twx-gridlayout": 3,
        "twx-row": 6,
        "twx-col": 7,
        "twx-text-input": 1,
        "twx-toggle": 1,
        "twx-overlay-body": 1,
        "twx-popup": 1,
        "twx-image2": 1,
        "twx-label": 2,
        "twx-range": 1,
        "twx-button": 1
      }
    },
    {
      "timestamp": "2021-03-10T12:19:29.022Z",
      "action": "SAVE",
      "usage": {
        "twx-view": 1,
        "twx-dt-view": 1,
        "twx-dt-target-spatial": 1,
        "twx-dt-model": 1,
        "twx-dt-image": 2,
        "twx-dt-picture": 1,
        "twx-overlay": 1,
        "twx-overlay-container": 5,
        "twx-gridlayout": 3,
        "twx-row": 6,
        "twx-col": 7,
        "twx-text-input": 1,
        "twx-toggle": 1,
        "twx-overlay-body": 1,
        "twx-popup": 1,
        "twx-image2": 1,
        "twx-label": 2,
        "twx-range": 1,
        "twx-button": 1
      }
    },
    {
      "timestamp": "2021-03-10T21:05:32.522Z",
      "action": "SAVE",
      "usage": {
        "twx-view": 1,
        "twx-dt-view": 1,
        "twx-dt-target-spatial": 1,
        "twx-dt-model": 1,
        "twx-dt-image": 2,
        "twx-dt-picture": 1,
        "twx-overlay": 1,
        "twx-overlay-container": 5,
        "twx-gridlayout": 3,
        "twx-row": 6,
        "twx-col": 7,
        "twx-text-input": 1,
        "twx-toggle": 1,
        "twx-overlay-body": 1,
        "twx-popup": 1,
        "twx-image2": 1,
        "twx-label": 2,
        "twx-range": 1,
        "twx-button": 1
      }
    },
    {
      "timestamp": "2021-03-12T17:26:17.990Z",
      "action": "SAVE",
      "usage": {
        "twx-view": 1,
        "twx-dt-view": 1,
        "twx-dt-target-spatial": 1,
        "twx-dt-model": 1,
        "twx-dt-image": 2,
        "twx-dt-picture": 1,
        "twx-overlay": 1,
        "twx-overlay-container": 5,
        "twx-gridlayout": 3,
        "twx-row": 6,
        "twx-col": 7,
        "twx-text-input": 1,
        "twx-toggle": 1,
        "twx-overlay-body": 1,
        "twx-popup": 1,
        "twx-image2": 1,
        "twx-label": 2,
        "twx-range": 1,
        "twx-button": 1
      }
    },
    {
      "timestamp": "2021-03-16T15:06:13.017Z",
      "action": "SAVE",
      "usage": {
        "twx-view": 1,
        "twx-dt-view": 1,
        "twx-dt-target-spatial": 1,
        "twx-dt-model": 1,
        "twx-dt-image": 2,
        "twx-dt-picture": 1,
        "twx-overlay": 1,
        "twx-overlay-container": 5,
        "twx-gridlayout": 3,
        "twx-row": 6,
        "twx-col": 7,
        "twx-text-input": 1,
        "twx-toggle": 1,
        "twx-overlay-body": 1,
        "twx-popup": 1,
        "twx-image2": 1,
        "twx-label": 2,
        "twx-range": 1,
        "twx-button": 1
      }
    },
    {
      "timestamp": "2021-03-16T15:06:14.772Z",
      "action": "SAVE",
      "usage": {
        "twx-view": 1,
        "twx-dt-view": 1,
        "twx-dt-target-spatial": 1,
        "twx-dt-model": 1,
        "twx-dt-image": 2,
        "twx-dt-picture": 1,
        "twx-overlay": 1,
        "twx-overlay-container": 5,
        "twx-gridlayout": 3,
        "twx-row": 6,
        "twx-col": 7,
        "twx-text-input": 1,
        "twx-toggle": 1,
        "twx-overlay-body": 1,
        "twx-popup": 1,
        "twx-image2": 1,
        "twx-label": 2,
        "twx-range": 1,
        "twx-button": 1
      }
    },
    {
      "timestamp": "2021-03-16T15:06:44.897Z",
      "action": "SAVE",
      "usage": {
        "twx-view": 1,
        "twx-dt-view": 1,
        "twx-dt-target-spatial": 1,
        "twx-dt-model": 1,
        "twx-dt-image": 2,
        "twx-dt-picture": 1,
        "twx-overlay": 1,
        "twx-overlay-container": 5,
        "twx-gridlayout": 3,
        "twx-row": 6,
        "twx-col": 7,
        "twx-text-input": 1,
        "twx-toggle": 1,
        "twx-overlay-body": 1,
        "twx-popup": 1,
        "twx-image2": 1,
        "twx-label": 2,
        "twx-range": 1,
        "twx-button": 1
      }
    },
    {
      "timestamp": "2021-03-16T15:06:47.825Z",
      "action": "SAVE",
      "usage": {
        "twx-view": 1,
        "twx-dt-view": 1,
        "twx-dt-target-spatial": 1,
        "twx-dt-model": 1,
        "twx-dt-image": 2,
        "twx-dt-picture": 1,
        "twx-overlay": 1,
        "twx-overlay-container": 5,
        "twx-gridlayout": 3,
        "twx-row": 6,
        "twx-col": 7,
        "twx-text-input": 1,
        "twx-toggle": 1,
        "twx-overlay-body": 1,
        "twx-popup": 1,
        "twx-image2": 1,
        "twx-label": 2,
        "twx-range": 1,
        "twx-button": 1
      }
    },
    {
      "timestamp": "2021-03-16T15:13:42.614Z",
      "action": "SAVE",
      "usage": {
        "twx-view": 1,
        "twx-dt-view": 1,
        "twx-dt-target-spatial": 1,
        "twx-dt-model": 1,
        "twx-dt-image": 2,
        "twx-dt-picture": 1,
        "twx-overlay": 1,
        "twx-overlay-container": 5,
        "twx-gridlayout": 3,
        "twx-row": 6,
        "twx-col": 7,
        "twx-text-input": 1,
        "twx-toggle": 1,
        "twx-overlay-body": 1,
        "twx-popup": 1,
        "twx-image2": 1,
        "twx-label": 2,
        "twx-range": 1,
        "twx-button": 1
      }
    },
    {
      "timestamp": "2021-03-16T15:14:01.048Z",
      "action": "SAVE",
      "usage": {
        "twx-view": 1,
        "twx-dt-view": 1,
        "twx-dt-target-spatial": 1,
        "twx-dt-model": 1,
        "twx-dt-image": 2,
        "twx-dt-picture": 1,
        "twx-overlay": 1,
        "twx-overlay-container": 5,
        "twx-gridlayout": 3,
        "twx-row": 6,
        "twx-col": 7,
        "twx-text-input": 1,
        "twx-toggle": 1,
        "twx-overlay-body": 1,
        "twx-popup": 1,
        "twx-image2": 1,
        "twx-label": 2,
        "twx-range": 1,
        "twx-button": 1
      }
    },
    {
      "timestamp": "2021-03-16T15:14:03.778Z",
      "action": "SAVE",
      "usage": {
        "twx-view": 1,
        "twx-dt-view": 1,
        "twx-dt-target-spatial": 1,
        "twx-dt-model": 1,
        "twx-dt-image": 2,
        "twx-dt-picture": 1,
        "twx-overlay": 1,
        "twx-overlay-container": 5,
        "twx-gridlayout": 3,
        "twx-row": 6,
        "twx-col": 7,
        "twx-text-input": 1,
        "twx-toggle": 1,
        "twx-overlay-body": 1,
        "twx-popup": 1,
        "twx-image2": 1,
        "twx-label": 2,
        "twx-range": 1,
        "twx-button": 1
      }
    },
    {
      "timestamp": "2021-03-19T20:02:30.715Z",
      "action": "SAVE",
      "usage": {
        "twx-view": 1,
        "twx-dt-view": 1,
        "twx-dt-target-spatial": 1,
        "twx-dt-model": 1,
        "twx-dt-image": 2,
        "twx-dt-picture": 1,
        "twx-overlay": 1,
        "twx-overlay-container": 5,
        "twx-gridlayout": 3,
        "twx-row": 6,
        "twx-col": 7,
        "twx-text-input": 1,
        "twx-toggle": 1,
        "twx-overlay-body": 1,
        "twx-popup": 1,
        "twx-image2": 1,
        "twx-label": 2,
        "twx-range": 1,
        "twx-button": 1
      }
    },
    {
      "timestamp": "2021-03-22T16:15:38.373Z",
      "action": "SAVE",
      "usage": {
        "twx-view": 1,
        "twx-dt-view": 1,
        "twx-dt-target-spatial": 1,
        "twx-dt-model": 1,
        "twx-dt-image": 2,
        "twx-dt-picture": 1,
        "twx-overlay": 1,
        "twx-overlay-container": 5,
        "twx-gridlayout": 3,
        "twx-row": 6,
        "twx-col": 7,
        "twx-text-input": 1,
        "twx-toggle": 1,
        "twx-overlay-body": 1,
        "twx-popup": 1,
        "twx-image2": 1,
        "twx-label": 2,
        "twx-range": 1,
        "twx-button": 1
      }
    },
    {
      "timestamp": "2021-04-01T14:12:57.303Z",
      "action": "SAVE",
      "usage": {
        "twx-view": 1,
        "twx-dt-view": 1,
        "twx-dt-target-spatial": 1,
        "twx-dt-model": 1,
        "twx-dt-modelitem": 1,
        "twx-dt-image": 2,
        "twx-dt-picture": 1,
        "twx-overlay": 1,
        "twx-overlay-container": 5,
        "twx-gridlayout": 3,
        "twx-row": 6,
        "twx-col": 7,
        "twx-text-input": 1,
        "twx-toggle": 1,
        "twx-overlay-body": 1,
        "twx-popup": 1,
        "twx-image2": 1,
        "twx-label": 2,
        "twx-range": 1,
        "twx-button": 1
      }
    },
    {
      "timestamp": "2021-04-07T12:42:29.325Z",
      "action": "SAVE",
      "usage": {
        "twx-view": 1,
        "twx-dt-view": 1,
        "twx-dt-target-spatial": 1,
        "twx-dt-model": 2,
        "twx-dt-modelitem": 3,
        "twx-dt-image": 2,
        "twx-dt-picture": 1,
        "twx-overlay": 1,
        "twx-overlay-container": 5,
        "twx-gridlayout": 3,
        "twx-row": 6,
        "twx-col": 7,
        "twx-text-input": 1,
        "twx-toggle": 1,
        "twx-overlay-body": 1,
        "twx-popup": 1,
        "twx-image2": 1,
        "twx-label": 2,
        "twx-range": 1,
        "twx-button": 1
      }
    },
    {
      "timestamp": "2021-04-07T13:01:52.485Z",
      "action": "SAVE",
      "usage": {
        "twx-view": 1,
        "twx-dt-view": 1,
        "twx-dt-target-spatial": 1,
        "twx-dt-model": 2,
        "twx-dt-modelitem": 3,
        "twx-dt-image": 2,
        "twx-dt-picture": 1,
        "twx-overlay": 1,
        "twx-overlay-container": 5,
        "twx-gridlayout": 3,
        "twx-row": 6,
        "twx-col": 7,
        "twx-text-input": 1,
        "twx-toggle": 1,
        "twx-overlay-body": 1,
        "twx-popup": 1,
        "twx-image2": 1,
        "twx-label": 2,
        "twx-range": 1,
        "twx-button": 1
      }
    },
    {
      "timestamp": "2021-04-07T13:04:22.818Z",
      "action": "SAVE",
      "usage": {
        "twx-view": 1,
        "twx-dt-view": 1,
        "twx-dt-target-spatial": 1,
        "twx-dt-model": 2,
        "twx-dt-modelitem": 3,
        "twx-dt-image": 2,
        "twx-dt-picture": 1,
        "twx-overlay": 1,
        "twx-overlay-container": 5,
        "twx-gridlayout": 3,
        "twx-row": 6,
        "twx-col": 7,
        "twx-text-input": 1,
        "twx-toggle": 1,
        "twx-overlay-body": 1,
        "twx-popup": 1,
        "twx-image2": 1,
        "twx-label": 2,
        "twx-range": 1,
        "twx-button": 1
      }
    },
    {
      "timestamp": "2021-04-07T13:05:06.450Z",
      "action": "SAVE",
      "usage": {
        "twx-view": 1,
        "twx-dt-view": 1,
        "twx-dt-target-spatial": 1,
        "twx-dt-model": 2,
        "twx-dt-modelitem": 3,
        "twx-dt-image": 2,
        "twx-dt-picture": 1,
        "twx-overlay": 1,
        "twx-overlay-container": 5,
        "twx-gridlayout": 3,
        "twx-row": 6,
        "twx-col": 7,
        "twx-text-input": 1,
        "twx-toggle": 1,
        "twx-overlay-body": 1,
        "twx-popup": 1,
        "twx-image2": 1,
        "twx-label": 2,
        "twx-range": 1,
        "twx-button": 1
      }
    },
    {
      "timestamp": "2021-04-07T13:07:50.803Z",
      "action": "SAVE",
      "usage": {
        "twx-view": 1,
        "twx-dt-view": 1,
        "twx-dt-target-spatial": 1,
        "twx-dt-model": 2,
        "twx-dt-modelitem": 3,
        "twx-dt-image": 2,
        "twx-dt-picture": 1,
        "twx-overlay": 1,
        "twx-overlay-container": 5,
        "twx-gridlayout": 3,
        "twx-row": 6,
        "twx-col": 7,
        "twx-text-input": 1,
        "twx-toggle": 1,
        "twx-overlay-body": 1,
        "twx-popup": 1,
        "twx-image2": 1,
        "twx-label": 2,
        "twx-range": 1,
        "twx-button": 1
      }
    },
    {
      "timestamp": "2021-04-07T13:08:02.221Z",
      "action": "SAVE",
      "usage": {
        "twx-view": 1,
        "twx-dt-view": 1,
        "twx-dt-target-spatial": 1,
        "twx-dt-model": 2,
        "twx-dt-modelitem": 3,
        "twx-dt-image": 2,
        "twx-dt-picture": 1,
        "twx-overlay": 1,
        "twx-overlay-container": 5,
        "twx-gridlayout": 3,
        "twx-row": 6,
        "twx-col": 7,
        "twx-text-input": 1,
        "twx-toggle": 1,
        "twx-overlay-body": 1,
        "twx-popup": 1,
        "twx-image2": 1,
        "twx-label": 2,
        "twx-range": 1,
        "twx-button": 1
      }
    },
    {
      "timestamp": "2021-04-07T13:11:00.694Z",
      "action": "SAVE",
      "usage": {
        "twx-view": 1,
        "twx-dt-view": 1,
        "twx-dt-target-spatial": 1,
        "twx-dt-model": 2,
        "twx-dt-modelitem": 3,
        "twx-dt-image": 2,
        "twx-dt-picture": 1,
        "twx-overlay": 1,
        "twx-overlay-container": 5,
        "twx-gridlayout": 3,
        "twx-row": 6,
        "twx-col": 7,
        "twx-text-input": 1,
        "twx-toggle": 1,
        "twx-overlay-body": 1,
        "twx-popup": 1,
        "twx-image2": 1,
        "twx-label": 2,
        "twx-range": 1,
        "twx-button": 1
      }
    },
    {
      "timestamp": "2021-04-07T13:11:52.225Z",
      "action": "SAVE",
      "usage": {
        "twx-view": 1,
        "twx-dt-view": 1,
        "twx-dt-target-spatial": 1,
        "twx-dt-model": 2,
        "twx-dt-modelitem": 3,
        "twx-dt-image": 2,
        "twx-dt-picture": 1,
        "twx-overlay": 1,
        "twx-overlay-container": 5,
        "twx-gridlayout": 3,
        "twx-row": 6,
        "twx-col": 7,
        "twx-text-input": 1,
        "twx-toggle": 1,
        "twx-overlay-body": 1,
        "twx-popup": 1,
        "twx-image2": 1,
        "twx-label": 2,
        "twx-range": 1,
        "twx-button": 1
      }
    },
    {
      "timestamp": "2021-04-07T13:11:56.245Z",
      "action": "SAVE",
      "usage": {
        "twx-view": 1,
        "twx-dt-view": 1,
        "twx-dt-target-spatial": 1,
        "twx-dt-model": 2,
        "twx-dt-modelitem": 3,
        "twx-dt-image": 2,
        "twx-dt-picture": 1,
        "twx-overlay": 1,
        "twx-overlay-container": 5,
        "twx-gridlayout": 3,
        "twx-row": 6,
        "twx-col": 7,
        "twx-text-input": 1,
        "twx-toggle": 1,
        "twx-overlay-body": 1,
        "twx-popup": 1,
        "twx-image2": 1,
        "twx-label": 2,
        "twx-range": 1,
        "twx-button": 1
      }
    },
    {
      "timestamp": "2021-04-07T13:16:04.522Z",
      "action": "SAVE",
      "usage": {
        "twx-view": 1,
        "twx-dt-view": 1,
        "twx-dt-target-spatial": 1,
        "twx-dt-model": 2,
        "twx-dt-modelitem": 3,
        "twx-dt-image": 2,
        "twx-dt-picture": 1,
        "twx-overlay": 1,
        "twx-overlay-container": 5,
        "twx-gridlayout": 3,
        "twx-row": 6,
        "twx-col": 7,
        "twx-text-input": 1,
        "twx-toggle": 1,
        "twx-overlay-body": 1,
        "twx-popup": 1,
        "twx-image2": 1,
        "twx-label": 2,
        "twx-range": 1,
        "twx-button": 1
      }
    },
    {
      "timestamp": "2021-04-07T13:19:08.721Z",
      "action": "SAVE",
      "usage": {
        "twx-view": 1,
        "twx-dt-view": 1,
        "twx-dt-target-spatial": 1,
        "twx-dt-model": 2,
        "twx-dt-modelitem": 3,
        "twx-dt-image": 2,
        "twx-dt-picture": 1,
        "twx-overlay": 1,
        "twx-overlay-container": 5,
        "twx-gridlayout": 3,
        "twx-row": 6,
        "twx-col": 7,
        "twx-text-input": 1,
        "twx-toggle": 1,
        "twx-overlay-body": 1,
        "twx-popup": 1,
        "twx-image2": 1,
        "twx-label": 2,
        "twx-range": 1,
        "twx-button": 1
      }
    },
    {
      "timestamp": "2021-04-07T13:22:58.704Z",
      "action": "SAVE",
      "usage": {
        "twx-view": 1,
        "twx-dt-view": 1,
        "twx-dt-target-spatial": 1,
        "twx-dt-model": 2,
        "twx-dt-modelitem": 3,
        "twx-dt-image": 2,
        "twx-dt-picture": 1,
        "twx-overlay": 1,
        "twx-overlay-container": 5,
        "twx-gridlayout": 3,
        "twx-row": 6,
        "twx-col": 7,
        "twx-text-input": 1,
        "twx-toggle": 1,
        "twx-overlay-body": 1,
        "twx-popup": 1,
        "twx-image2": 1,
        "twx-label": 2,
        "twx-range": 1,
        "twx-button": 1
      }
    },
    {
      "timestamp": "2021-04-07T13:23:00.626Z",
      "action": "SAVE",
      "usage": {
        "twx-view": 1,
        "twx-dt-view": 1,
        "twx-dt-target-spatial": 1,
        "twx-dt-model": 2,
        "twx-dt-modelitem": 3,
        "twx-dt-image": 2,
        "twx-dt-picture": 1,
        "twx-overlay": 1,
        "twx-overlay-container": 5,
        "twx-gridlayout": 3,
        "twx-row": 6,
        "twx-col": 7,
        "twx-text-input": 1,
        "twx-toggle": 1,
        "twx-overlay-body": 1,
        "twx-popup": 1,
        "twx-image2": 1,
        "twx-label": 2,
        "twx-range": 1,
        "twx-button": 1
      }
    },
    {
      "timestamp": "2021-04-07T13:24:11.432Z",
      "action": "SAVE",
      "usage": {
        "twx-view": 1,
        "twx-dt-view": 1,
        "twx-dt-target-spatial": 1,
        "twx-dt-model": 2,
        "twx-dt-modelitem": 3,
        "twx-dt-image": 2,
        "twx-dt-picture": 1,
        "twx-overlay": 1,
        "twx-overlay-container": 5,
        "twx-gridlayout": 3,
        "twx-row": 6,
        "twx-col": 7,
        "twx-text-input": 1,
        "twx-toggle": 1,
        "twx-overlay-body": 1,
        "twx-popup": 1,
        "twx-image2": 1,
        "twx-label": 2,
        "twx-range": 1,
        "twx-button": 1
      }
    },
    {
      "timestamp": "2021-04-07T13:25:58.232Z",
      "action": "SAVE",
      "usage": {
        "twx-view": 1,
        "twx-dt-view": 1,
        "twx-dt-target-spatial": 1,
        "twx-dt-model": 2,
        "twx-dt-modelitem": 3,
        "twx-dt-image": 2,
        "twx-dt-picture": 1,
        "twx-overlay": 1,
        "twx-overlay-container": 5,
        "twx-gridlayout": 3,
        "twx-row": 6,
        "twx-col": 7,
        "twx-text-input": 1,
        "twx-toggle": 1,
        "twx-overlay-body": 1,
        "twx-popup": 1,
        "twx-image2": 1,
        "twx-label": 2,
        "twx-range": 1,
        "twx-button": 1
      }
    },
    {
      "timestamp": "2021-04-07T13:26:31.042Z",
      "action": "SAVE",
      "usage": {
        "twx-view": 1,
        "twx-dt-view": 1,
        "twx-dt-target-spatial": 1,
        "twx-dt-model": 2,
        "twx-dt-modelitem": 3,
        "twx-dt-image": 2,
        "twx-dt-picture": 1,
        "twx-overlay": 1,
        "twx-overlay-container": 5,
        "twx-gridlayout": 3,
        "twx-row": 6,
        "twx-col": 7,
        "twx-text-input": 1,
        "twx-toggle": 1,
        "twx-overlay-body": 1,
        "twx-popup": 1,
        "twx-image2": 1,
        "twx-label": 2,
        "twx-range": 1,
        "twx-button": 1
      }
    },
    {
      "timestamp": "2021-04-07T13:27:24.004Z",
      "action": "SAVE",
      "usage": {
        "twx-view": 1,
        "twx-dt-view": 1,
        "twx-dt-target-spatial": 1,
        "twx-dt-model": 2,
        "twx-dt-modelitem": 3,
        "twx-dt-image": 2,
        "twx-dt-picture": 1,
        "twx-overlay": 1,
        "twx-overlay-container": 5,
        "twx-gridlayout": 3,
        "twx-row": 6,
        "twx-col": 7,
        "twx-text-input": 1,
        "twx-toggle": 1,
        "twx-overlay-body": 1,
        "twx-popup": 1,
        "twx-image2": 1,
        "twx-label": 2,
        "twx-range": 1,
        "twx-button": 1
      }
    },
    {
      "timestamp": "2021-04-29T15:36:12.040Z",
      "action": "SAVE",
      "usage": {
        "twx-view": 1,
        "twx-dt-view": 1,
        "twx-dt-target-spatial": 1,
        "twx-dt-model": 2,
        "twx-dt-modelitem": 3,
        "twx-dt-image": 2,
        "twx-dt-picture": 1,
        "twx-overlay": 1,
        "twx-overlay-container": 5,
        "twx-gridlayout": 3,
        "twx-row": 6,
        "twx-col": 7,
        "twx-text-input": 1,
        "twx-toggle": 1,
        "twx-overlay-body": 1,
        "twx-popup": 1,
        "twx-image2": 1,
        "twx-label": 2,
        "twx-range": 1,
        "twx-button": 1
      }
    },
    {
      "timestamp": "2021-04-29T15:37:27.334Z",
      "action": "SAVE",
      "usage": {
        "twx-view": 1,
        "twx-dt-view": 1,
        "twx-dt-target-spatial": 1,
        "twx-dt-picture": 1,
        "twx-overlay": 1,
        "twx-overlay-container": 5,
        "twx-gridlayout": 3,
        "twx-row": 6,
        "twx-col": 7,
        "twx-text-input": 1,
        "twx-toggle": 1,
        "twx-overlay-body": 1,
        "twx-popup": 1,
        "twx-image2": 1,
        "twx-label": 2,
        "twx-range": 1,
        "twx-button": 1
      }
    },
    {
      "timestamp": "2021-04-29T15:40:49.632Z",
      "action": "SAVE",
      "usage": {
        "twx-view": 1,
        "twx-dt-view": 1,
        "twx-dt-target-spatial": 1,
        "twx-dt-picture": 1,
        "twx-overlay": 1,
        "twx-overlay-container": 5,
        "twx-gridlayout": 3,
        "twx-row": 6,
        "twx-col": 7,
        "twx-text-input": 1,
        "twx-toggle": 1,
        "twx-overlay-body": 1,
        "twx-popup": 1,
        "twx-image2": 1,
        "twx-label": 2,
        "twx-range": 1,
        "twx-button": 1
      }
    },
    {
      "timestamp": "2021-04-29T17:59:52.419Z",
      "action": "SAVE",
      "usage": {
        "twx-view": 1,
        "twx-dt-view": 1,
        "twx-dt-target-spatial": 1,
        "twx-dt-picture": 1,
        "twx-overlay": 1,
        "twx-overlay-container": 5,
        "twx-gridlayout": 3,
        "twx-row": 6,
        "twx-col": 7,
        "twx-text-input": 1,
        "twx-toggle": 1,
        "twx-overlay-body": 1,
        "twx-popup": 1,
        "twx-image2": 1,
        "twx-label": 2,
        "twx-range": 1,
        "twx-button": 1
      }
    },
    {
      "timestamp": "2021-04-29T18:00:32.926Z",
      "action": "SAVE",
      "usage": {
        "twx-view": 1,
        "twx-dt-view": 1,
        "twx-dt-target-spatial": 1,
        "twx-dt-picture": 1,
        "twx-overlay": 1,
        "twx-overlay-container": 5,
        "twx-gridlayout": 3,
        "twx-row": 6,
        "twx-col": 7,
        "twx-text-input": 1,
        "twx-toggle": 1,
        "twx-overlay-body": 1,
        "twx-popup": 1,
        "twx-image2": 1,
        "twx-label": 2,
        "twx-range": 1,
        "twx-button": 1
      }
    },
    {
      "timestamp": "2021-05-02T17:39:10.650Z",
      "action": "SAVE",
      "usage": {
        "twx-view": 1,
        "twx-dt-view": 1,
        "twx-dt-target-spatial": 1,
        "twx-dt-picture": 1,
        "twx-overlay": 1,
        "twx-overlay-container": 5,
        "twx-gridlayout": 3,
        "twx-row": 6,
        "twx-col": 7,
        "twx-text-input": 1,
        "twx-toggle": 1,
        "twx-overlay-body": 1,
        "twx-popup": 1,
        "twx-image2": 1,
        "twx-label": 2,
        "twx-range": 1,
        "twx-button": 1
      }
    },
    {
      "timestamp": "2021-05-02T17:40:55.259Z",
      "action": "SAVE",
      "usage": {
        "twx-view": 1,
        "twx-dt-view": 1,
        "twx-dt-target-spatial": 1,
        "twx-dt-picture": 1,
        "twx-overlay": 1,
        "twx-overlay-container": 5,
        "twx-gridlayout": 3,
        "twx-row": 6,
        "twx-col": 7,
        "twx-text-input": 1,
        "twx-toggle": 1,
        "twx-overlay-body": 1,
        "twx-popup": 1,
        "twx-image2": 1,
        "twx-label": 2,
        "twx-range": 1,
        "twx-button": 1
      }
    },
    {
      "timestamp": "2021-05-02T17:42:10.170Z",
      "action": "SAVE",
      "usage": {
        "twx-view": 1,
        "twx-dt-view": 1,
        "twx-dt-picture": 1,
        "twx-overlay": 1,
        "twx-overlay-container": 5,
        "twx-gridlayout": 3,
        "twx-row": 6,
        "twx-col": 7,
        "twx-text-input": 1,
        "twx-toggle": 1,
        "twx-overlay-body": 1,
        "twx-popup": 1,
        "twx-image2": 1,
        "twx-label": 2,
        "twx-range": 1,
        "twx-button": 1
      }
    },
    {
      "timestamp": "2021-05-02T17:42:18.862Z",
      "action": "SAVE",
      "usage": {
        "twx-view": 1,
        "twx-dt-view": 1,
        "twx-dt-picture": 1,
        "twx-overlay": 1,
        "twx-overlay-container": 5,
        "twx-gridlayout": 3,
        "twx-row": 6,
        "twx-col": 7,
        "twx-text-input": 1,
        "twx-toggle": 1,
        "twx-overlay-body": 1,
        "twx-popup": 1,
        "twx-image2": 1,
        "twx-label": 2,
        "twx-range": 1,
        "twx-button": 1
      }
    },
    {
      "timestamp": "2021-05-04T02:42:15.055Z",
      "action": "SAVE",
      "usage": {
        "twx-view": 1,
        "twx-dt-view": 1,
        "twx-dt-picture": 1,
        "twx-overlay": 1,
        "twx-overlay-container": 5,
        "twx-gridlayout": 3,
        "twx-row": 6,
        "twx-col": 7,
        "twx-text-input": 1,
        "twx-toggle": 1,
        "twx-overlay-body": 1,
        "twx-popup": 1,
        "twx-image2": 1,
        "twx-label": 2,
        "twx-range": 1,
        "twx-button": 1
      }
    },
    {
      "timestamp": "2021-05-04T02:42:41.370Z",
      "action": "SAVE",
      "usage": {
        "twx-view": 1,
        "twx-dt-view": 1,
        "twx-dt-picture": 1,
        "twx-overlay": 1,
        "twx-overlay-container": 5,
        "twx-gridlayout": 3,
        "twx-row": 6,
        "twx-col": 7,
        "twx-text-input": 1,
        "twx-toggle": 1,
        "twx-overlay-body": 1,
        "twx-popup": 1,
        "twx-image2": 1,
        "twx-label": 2,
        "twx-range": 1,
        "twx-button": 1
      }
    },
    {
      "timestamp": "2021-05-04T14:15:13.872Z",
      "action": "SAVE",
      "usage": {
        "twx-view": 1,
        "twx-dt-view": 1,
        "twx-dt-picture": 1,
        "twx-overlay": 1,
        "twx-overlay-container": 5,
        "twx-gridlayout": 3,
        "twx-row": 6,
        "twx-col": 7,
        "twx-text-input": 1,
        "twx-toggle": 1,
        "twx-overlay-body": 1,
        "twx-popup": 1,
        "twx-image2": 1,
        "twx-label": 2,
        "twx-range": 1,
        "twx-button": 1
      }
    },
    {
      "timestamp": "2021-05-04T14:15:47.469Z",
      "action": "SAVE",
      "usage": {
        "twx-view": 1,
        "twx-dt-view": 1,
        "twx-dt-picture": 1,
        "twx-overlay": 1,
        "twx-overlay-container": 5,
        "twx-gridlayout": 3,
        "twx-row": 6,
        "twx-col": 7,
        "twx-text-input": 1,
        "twx-toggle": 1,
        "twx-overlay-body": 1,
        "twx-popup": 1,
        "twx-image2": 1,
        "twx-label": 2,
        "twx-range": 1,
        "twx-button": 1
      }
    }
  ],
  "accessType": "public",
  "designedfor": []
}
