{
  "attributes": {
    "twx-widget": "",
    "widget-id": "view-1",
    "widget-name": "view-1",
    "is-widget-container": "true",
    "viewtype": "ar"
  },
  "children": [
    {
      "name": "twx-container-content",
      "children": [
        {
          "attributes": {
            "twx-widget": "",
            "widget-id": "3DContainer-1",
            "widget-name": "3D Container",
            "is-widget-container": "true"
          },
          "name": "twx-dt-view",
          "children": [
            {
              "name": "twx-container-content",
              "children": [
                {
                  "attributes": {
                    "twx-widget": "",
                    "widget-id": "model-1",
                    "widget-name": "model-1",
                    "is-widget-container": "true",
                    "x": "-0.4325253963470459",
                    "y": "0.36241811513900757",
                    "z": "0.5363567769527435",
                    "sequence": ""
                  },
                  "name": "twx-dt-model",
                  "children": [
                    {
                      "name": "twx-container-content"
                    }
                  ]
                }
              ]
            }
          ]
        },
        {
          "attributes": {
            "twx-widget": "",
            "widget-id": "2DOverlay-1",
            "widget-name": "2D Overlay",
            "is-widget-container": "true"
          },
          "name": "twx-overlay",
          "children": [
            {
              "name": "twx-container-content",
              "children": [
                {
                  "attributes": {
                    "twx-widget": "",
                    "widget-id": "panel-1",
                    "widget-name": "Top Panel",
                    "is-widget-container": "true",
                    "position": "top"
                  },
                  "name": "twx-overlay-container",
                  "children": [
                    {
                      "name": "twx-container-content"
                    }
                  ]
                },
                {
                  "attributes": {
                    "twx-widget": "",
                    "widget-id": "2DOverlayBody-1",
                    "widget-name": "2D Body",
                    "is-widget-container": "true"
                  },
                  "name": "twx-overlay-body",
                  "children": [
                    {
                      "name": "twx-container-content",
                      "children": [
                        {
                          "attributes": {
                            "twx-widget": "",
                            "widget-id": "panel-2",
                            "widget-name": "Left Panel",
                            "is-widget-container": "true",
                            "position": "left"
                          },
                          "name": "twx-overlay-container",
                          "children": [
                            {
                              "name": "twx-container-content",
                              "children": [
                                {
                                  "attributes": {
                                    "twx-widget": "",
                                    "widget-id": "camera-2",
                                    "is-augmentations-hidden": "false",
                                    "widget-name": "camera-2"
                                  },
                                  "name": "twx-dt-picture",
                                  "children": [
                                    {
                                      "attributes": {
                                        "eventbind-id": "eb-1626757121649",
                                        "source-type": "widget",
                                        "source-label": "Camera",
                                        "source-name": "camera-2",
                                        "source-event": "pictureTaken",
                                        "handler-type": "data",
                                        "handler-name": "Maintenance_Assembly_Template",
                                        "handler-service": "newImage_2",
                                        "handler-path": "app.mdl.Maintenance_Assembly_Template.svc.newImage_2"
                                      },
                                      "name": "twx-eventbind"
                                    }
                                  ]
                                },
                                {
                                  "attributes": {
                                    "twx-widget": "",
                                    "widget-id": "popup-1",
                                    "widget-name": "popup-1",
                                    "is-widget-container": "true",
                                    "visible": "true"
                                  },
                                  "name": "twx-popup",
                                  "children": [
                                    {
                                      "name": "twx-container-content",
                                      "children": [
                                        {
                                          "attributes": {
                                            "twx-widget": "",
                                            "widget-id": "gridLayout-2",
                                            "widget-name": "gridLayout-2",
                                            "is-widget-container": "true"
                                          },
                                          "name": "twx-gridlayout",
                                          "children": [
                                            {
                                              "name": "twx-container-content",
                                              "children": [
                                                {
                                                  "attributes": {
                                                    "twx-widget": "",
                                                    "widget-id": "row-9",
                                                    "widget-name": "row-9",
                                                    "is-widget-container": "true"
                                                  },
                                                  "name": "twx-row",
                                                  "children": [
                                                    {
                                                      "name": "twx-container-content",
                                                      "children": [
                                                        {
                                                          "attributes": {
                                                            "twx-widget": "",
                                                            "widget-id": "column-10",
                                                            "widget-name": "column-10",
                                                            "is-widget-container": "true"
                                                          },
                                                          "name": "twx-col",
                                                          "children": [
                                                            {
                                                              "name": "twx-container-content",
                                                              "children": [
                                                                {
                                                                  "attributes": {
                                                                    "twx-widget": "",
                                                                    "widget-id": "textInput-2",
                                                                    "widget-name": "textInput-2",
                                                                    "placeholder": "Enter your Name"
                                                                  },
                                                                  "name": "twx-text-input"
                                                                }
                                                              ]
                                                            }
                                                          ]
                                                        }
                                                      ]
                                                    }
                                                  ]
                                                },
                                                {
                                                  "attributes": {
                                                    "twx-widget": "",
                                                    "widget-id": "row-20",
                                                    "widget-name": "row-20",
                                                    "is-widget-container": "true"
                                                  },
                                                  "name": "twx-row",
                                                  "children": [
                                                    {
                                                      "name": "twx-container-content",
                                                      "children": [
                                                        {
                                                          "attributes": {
                                                            "twx-widget": "",
                                                            "widget-id": "column-21",
                                                            "widget-name": "column-21",
                                                            "is-widget-container": "true",
                                                            "justification": "center",
                                                            "alignment": "center"
                                                          },
                                                          "name": "twx-col",
                                                          "children": [
                                                            {
                                                              "name": "twx-container-content",
                                                              "children": [
                                                                {
                                                                  "attributes": {
                                                                    "twx-widget": "",
                                                                    "widget-id": "toggleButton-2",
                                                                    "widget-name": "toggleButton-2",
                                                                    "src": "Uploaded/beginButton.PNG",
                                                                    "srcnotpressed": "Uploaded/beginButton.PNG",
                                                                    "width": "100%",
                                                                    "height": ""
                                                                  },
                                                                  "name": "twx-toggle-button",
                                                                  "children": [
                                                                    {
                                                                      "attributes": {
                                                                        "eventbind-id": "eb-1623102426804",
                                                                        "source-type": "widget",
                                                                        "source-label": "Toggle Button",
                                                                        "source-name": "toggleButton-2",
                                                                        "source-event": "pressed",
                                                                        "handler-type": "ui",
                                                                        "handler-name": "popup-1",
                                                                        "handler-service": "hidepopup",
                                                                        "handler-path": "app.view[\"Home\"].wdg[\"popup-1\"].svc.hidepopup"
                                                                      },
                                                                      "name": "twx-eventbind"
                                                                    },
                                                                    {
                                                                      "attributes": {
                                                                        "eventbind-id": "eb-1626756898926",
                                                                        "source-type": "widget",
                                                                        "source-label": "Toggle Button",
                                                                        "source-name": "toggleButton-2",
                                                                        "source-event": "pressed",
                                                                        "handler-type": "data",
                                                                        "handler-name": "Maintenance_Assembly_Template",
                                                                        "handler-service": "addStartTime_2",
                                                                        "handler-path": "app.mdl.Maintenance_Assembly_Template.svc.addStartTime_2"
                                                                      },
                                                                      "name": "twx-eventbind"
                                                                    },
                                                                    {
                                                                      "attributes": {
                                                                        "eventbind-id": "eb-1626757299934",
                                                                        "source-type": "widget",
                                                                        "source-label": "Toggle Button",
                                                                        "source-name": "toggleButton-2",
                                                                        "source-event": "pressed",
                                                                        "handler-type": "data",
                                                                        "handler-name": "Maintenance_Assembly_Template",
                                                                        "handler-service": "newImage_2",
                                                                        "handler-path": "app.mdl.Maintenance_Assembly_Template.svc.newImage_2"
                                                                      },
                                                                      "name": "twx-eventbind"
                                                                    }
                                                                  ]
                                                                }
                                                              ]
                                                            }
                                                          ]
                                                        }
                                                      ]
                                                    }
                                                  ]
                                                }
                                              ]
                                            }
                                          ]
                                        }
                                      ]
                                    }
                                  ]
                                },
                                {
                                  "attributes": {
                                    "twx-widget": "",
                                    "widget-id": "gridLayout-3",
                                    "widget-name": "gridLayout-3",
                                    "is-widget-container": "true"
                                  },
                                  "name": "twx-gridlayout",
                                  "children": [
                                    {
                                      "name": "twx-container-content",
                                      "children": [
                                        {
                                          "attributes": {
                                            "twx-widget": "",
                                            "widget-id": "row-10",
                                            "widget-name": "row-10",
                                            "is-widget-container": "true"
                                          },
                                          "name": "twx-row",
                                          "children": [
                                            {
                                              "name": "twx-container-content",
                                              "children": [
                                                {
                                                  "attributes": {
                                                    "twx-widget": "",
                                                    "widget-id": "column-11",
                                                    "widget-name": "column-11",
                                                    "is-widget-container": "true"
                                                  },
                                                  "name": "twx-col",
                                                  "children": [
                                                    {
                                                      "name": "twx-container-content"
                                                    }
                                                  ]
                                                }
                                              ]
                                            }
                                          ]
                                        },
                                        {
                                          "attributes": {
                                            "twx-widget": "",
                                            "widget-id": "row-11",
                                            "widget-name": "row-11",
                                            "is-widget-container": "true"
                                          },
                                          "name": "twx-row",
                                          "children": [
                                            {
                                              "name": "twx-container-content",
                                              "children": [
                                                {
                                                  "attributes": {
                                                    "twx-widget": "",
                                                    "widget-id": "column-6",
                                                    "widget-name": "column-6",
                                                    "is-widget-container": "true"
                                                  },
                                                  "name": "twx-col",
                                                  "children": [
                                                    {
                                                      "name": "twx-container-content",
                                                      "children": [
                                                        {
                                                          "attributes": {
                                                            "twx-widget": "",
                                                            "widget-id": "label-2",
                                                            "state-format-value": "text",
                                                            "widget-name": "label-2",
                                                            "text": "Current Step:",
                                                            "class": "Step-Label"
                                                          },
                                                          "name": "twx-label"
                                                        },
                                                        {
                                                          "attributes": {
                                                            "twx-widget": "",
                                                            "widget-id": "label-5",
                                                            "state-format-value": "text",
                                                            "widget-name": "label-5",
                                                            "class": "Step-Label"
                                                          },
                                                          "name": "twx-label",
                                                          "children": [
                                                            {
                                                              "attributes": {
                                                                "databind-id": "db-1622838393613",
                                                                "source-type": "ui",
                                                                "source-label": "Model",
                                                                "source-name": "model-1",
                                                                "source-item-type": "property",
                                                                "source-item-name": "currentStep",
                                                                "binding-type": "widget_property",
                                                                "from-expression": "app.view['Home'].wdg['model-1']['currentStep']",
                                                                "to-property": "text"
                                                              },
                                                              "name": "twx-databind"
                                                            }
                                                          ]
                                                        }
                                                      ]
                                                    }
                                                  ]
                                                }
                                              ]
                                            }
                                          ]
                                        },
                                        {
                                          "attributes": {
                                            "twx-widget": "",
                                            "widget-id": "row-12",
                                            "widget-name": "row-12",
                                            "is-widget-container": "true"
                                          },
                                          "name": "twx-row",
                                          "children": [
                                            {
                                              "name": "twx-container-content",
                                              "children": [
                                                {
                                                  "attributes": {
                                                    "twx-widget": "",
                                                    "widget-id": "column-12",
                                                    "widget-name": "column-12",
                                                    "is-widget-container": "true"
                                                  },
                                                  "name": "twx-col",
                                                  "children": [
                                                    {
                                                      "name": "twx-container-content",
                                                      "children": [
                                                        {
                                                          "attributes": {
                                                            "twx-widget": "",
                                                            "widget-id": "label-3",
                                                            "state-format-value": "text",
                                                            "widget-name": "label-3",
                                                            "text": "out of",
                                                            "class": "Step-Label"
                                                          },
                                                          "name": "twx-label"
                                                        },
                                                        {
                                                          "attributes": {
                                                            "twx-widget": "",
                                                            "widget-id": "label-4",
                                                            "state-format-value": "text",
                                                            "widget-name": "label-4",
                                                            "class": "Step-Label"
                                                          },
                                                          "name": "twx-label",
                                                          "children": [
                                                            {
                                                              "attributes": {
                                                                "databind-id": "db-1622838369700",
                                                                "source-type": "ui",
                                                                "source-label": "Model",
                                                                "source-name": "model-1",
                                                                "source-item-type": "property",
                                                                "source-item-name": "steps",
                                                                "binding-type": "widget_property",
                                                                "from-expression": "app.view['Home'].wdg['model-1']['steps']",
                                                                "to-property": "text"
                                                              },
                                                              "name": "twx-databind"
                                                            }
                                                          ]
                                                        }
                                                      ]
                                                    }
                                                  ]
                                                }
                                              ]
                                            }
                                          ]
                                        },
                                        {
                                          "attributes": {
                                            "twx-widget": "",
                                            "widget-id": "row-13",
                                            "widget-name": "row-13",
                                            "is-widget-container": "true"
                                          },
                                          "name": "twx-row",
                                          "children": [
                                            {
                                              "name": "twx-container-content",
                                              "children": [
                                                {
                                                  "attributes": {
                                                    "twx-widget": "",
                                                    "widget-id": "column-13",
                                                    "widget-name": "column-13",
                                                    "is-widget-container": "true"
                                                  },
                                                  "name": "twx-col",
                                                  "children": [
                                                    {
                                                      "name": "twx-container-content",
                                                      "children": [
                                                        {
                                                          "attributes": {
                                                            "twx-widget": "",
                                                            "widget-id": "label-6",
                                                            "state-format-value": "text",
                                                            "widget-name": "label-6",
                                                            "text": "steps",
                                                            "class": "Step-Label"
                                                          },
                                                          "name": "twx-label"
                                                        }
                                                      ]
                                                    }
                                                  ]
                                                }
                                              ]
                                            }
                                          ]
                                        }
                                      ]
                                    }
                                  ]
                                }
                              ]
                            }
                          ]
                        },
                        {
                          "attributes": {
                            "twx-widget": "",
                            "widget-id": "panel-3",
                            "widget-name": "Center Panel",
                            "is-widget-container": "true",
                            "position": "center"
                          },
                          "name": "twx-overlay-container",
                          "children": [
                            {
                              "name": "twx-container-content",
                              "children": [
                                {
                                  "attributes": {
                                    "twx-widget": "",
                                    "widget-id": "popup-2",
                                    "widget-name": "popup-2",
                                    "is-widget-container": "true"
                                  },
                                  "name": "twx-popup",
                                  "children": [
                                    {
                                      "attributes": {
                                        "databind-id": "db-1623101575677",
                                        "source-type": "ui",
                                        "source-label": "Toggle Button",
                                        "source-name": "toggleButton-1",
                                        "source-item-type": "property",
                                        "source-item-name": "pressed",
                                        "binding-type": "widget_property",
                                        "from-expression": "app.view['Home'].wdg['toggleButton-1']['pressed']",
                                        "to-property": "visible"
                                      },
                                      "name": "twx-databind"
                                    },
                                    {
                                      "name": "twx-container-content",
                                      "children": [
                                        {
                                          "attributes": {
                                            "twx-widget": "",
                                            "widget-id": "gridLayout-5",
                                            "widget-name": "gridLayout-5",
                                            "is-widget-container": "true"
                                          },
                                          "name": "twx-gridlayout",
                                          "children": [
                                            {
                                              "name": "twx-container-content",
                                              "children": [
                                                {
                                                  "attributes": {
                                                    "twx-widget": "",
                                                    "widget-id": "row-16",
                                                    "widget-name": "row-16",
                                                    "is-widget-container": "true"
                                                  },
                                                  "name": "twx-row",
                                                  "children": [
                                                    {
                                                      "name": "twx-container-content",
                                                      "children": [
                                                        {
                                                          "attributes": {
                                                            "twx-widget": "",
                                                            "widget-id": "column-17",
                                                            "widget-name": "column-17",
                                                            "is-widget-container": "true",
                                                            "justification": "center",
                                                            "alignment": "center"
                                                          },
                                                          "name": "twx-col",
                                                          "children": [
                                                            {
                                                              "name": "twx-container-content",
                                                              "children": [
                                                                {
                                                                  "attributes": {
                                                                    "twx-widget": "",
                                                                    "widget-id": "label-7",
                                                                    "state-format-value": "text",
                                                                    "widget-name": "label-7",
                                                                    "text": "Maintenance Notes:",
                                                                    "class": "Step-Label"
                                                                  },
                                                                  "name": "twx-label"
                                                                }
                                                              ]
                                                            }
                                                          ]
                                                        }
                                                      ]
                                                    }
                                                  ]
                                                },
                                                {
                                                  "attributes": {
                                                    "twx-widget": "",
                                                    "widget-id": "row-17",
                                                    "widget-name": "row-17",
                                                    "is-widget-container": "true"
                                                  },
                                                  "name": "twx-row",
                                                  "children": [
                                                    {
                                                      "name": "twx-container-content",
                                                      "children": [
                                                        {
                                                          "attributes": {
                                                            "twx-widget": "",
                                                            "widget-id": "column-18",
                                                            "widget-name": "column-18",
                                                            "is-widget-container": "true"
                                                          },
                                                          "name": "twx-col",
                                                          "children": [
                                                            {
                                                              "name": "twx-container-content",
                                                              "children": [
                                                                {
                                                                  "attributes": {
                                                                    "twx-widget": "",
                                                                    "widget-id": "textInput-1",
                                                                    "widget-name": "textInput-1",
                                                                    "placeholder": "Enter Notes"
                                                                  },
                                                                  "name": "twx-text-input",
                                                                  "children": [
                                                                    {
                                                                      "attributes": {
                                                                        "eventbind-id": "eb-1626757056678",
                                                                        "source-type": "widget",
                                                                        "source-label": "Text Input",
                                                                        "source-name": "textInput-1",
                                                                        "source-event": "change",
                                                                        "handler-type": "data",
                                                                        "handler-name": "Maintenance_Assembly_Template",
                                                                        "handler-service": "getTotalTime_2",
                                                                        "handler-path": "app.mdl.Maintenance_Assembly_Template.svc.getTotalTime_2"
                                                                      },
                                                                      "name": "twx-eventbind"
                                                                    }
                                                                  ]
                                                                }
                                                              ]
                                                            }
                                                          ]
                                                        }
                                                      ]
                                                    }
                                                  ]
                                                },
                                                {
                                                  "attributes": {
                                                    "twx-widget": "",
                                                    "widget-id": "row-18",
                                                    "widget-name": "row-18",
                                                    "is-widget-container": "true"
                                                  },
                                                  "name": "twx-row",
                                                  "children": [
                                                    {
                                                      "name": "twx-container-content",
                                                      "children": [
                                                        {
                                                          "attributes": {
                                                            "twx-widget": "",
                                                            "widget-id": "column-19",
                                                            "widget-name": "column-19",
                                                            "is-widget-container": "true",
                                                            "justification": "center",
                                                            "alignment": "center"
                                                          },
                                                          "name": "twx-col",
                                                          "children": [
                                                            {
                                                              "name": "twx-container-content",
                                                              "children": [
                                                                {
                                                                  "attributes": {
                                                                    "twx-widget": "",
                                                                    "widget-id": "button-6",
                                                                    "widget-name": "button-6",
                                                                    "text": "Return to Home"
                                                                  },
                                                                  "name": "twx-button",
                                                                  "children": [
                                                                    {
                                                                      "attributes": {
                                                                        "eventbind-id": "eb-1622841392831",
                                                                        "source-type": "widget",
                                                                        "source-label": "Button",
                                                                        "source-name": "button-6",
                                                                        "source-event": "click",
                                                                        "handler-type": "ui",
                                                                        "handler-name": "popup-2",
                                                                        "handler-service": "hidepopup",
                                                                        "handler-path": "app.view[\"Home\"].wdg[\"popup-2\"].svc.hidepopup"
                                                                      },
                                                                      "name": "twx-eventbind"
                                                                    },
                                                                    {
                                                                      "attributes": {
                                                                        "eventbind-id": "eb-1626757317687",
                                                                        "source-type": "widget",
                                                                        "source-label": "Button",
                                                                        "source-name": "button-6",
                                                                        "source-event": "click",
                                                                        "handler-type": "data",
                                                                        "handler-name": "Maintenance_Assembly_Template",
                                                                        "handler-service": "newImage_2",
                                                                        "handler-path": "app.mdl.Maintenance_Assembly_Template.svc.newImage_2"
                                                                      },
                                                                      "name": "twx-eventbind"
                                                                    }
                                                                  ]
                                                                }
                                                              ]
                                                            }
                                                          ]
                                                        }
                                                      ]
                                                    }
                                                  ]
                                                }
                                              ]
                                            }
                                          ]
                                        }
                                      ]
                                    }
                                  ]
                                },
                                {
                                  "attributes": {
                                    "twx-widget": "",
                                    "widget-id": "gridLayout-1",
                                    "widget-name": "gridLayout-1",
                                    "is-widget-container": "true"
                                  },
                                  "name": "twx-gridlayout",
                                  "children": [
                                    {
                                      "name": "twx-container-content",
                                      "children": [
                                        {
                                          "attributes": {
                                            "twx-widget": "",
                                            "widget-id": "row-1",
                                            "widget-name": "row-1",
                                            "is-widget-container": "true",
                                            "rowheight": "100px"
                                          },
                                          "name": "twx-row",
                                          "children": [
                                            {
                                              "name": "twx-container-content",
                                              "children": [
                                                {
                                                  "attributes": {
                                                    "twx-widget": "",
                                                    "widget-id": "column-1",
                                                    "widget-name": "column-1",
                                                    "is-widget-container": "true"
                                                  },
                                                  "name": "twx-col",
                                                  "children": [
                                                    {
                                                      "name": "twx-container-content"
                                                    }
                                                  ]
                                                }
                                              ]
                                            }
                                          ]
                                        },
                                        {
                                          "attributes": {
                                            "twx-widget": "",
                                            "widget-id": "row-2",
                                            "widget-name": "row-2",
                                            "is-widget-container": "true",
                                            "rowheight": "100px"
                                          },
                                          "name": "twx-row",
                                          "children": [
                                            {
                                              "name": "twx-container-content",
                                              "children": [
                                                {
                                                  "attributes": {
                                                    "twx-widget": "",
                                                    "widget-id": "column-2",
                                                    "widget-name": "column-2",
                                                    "is-widget-container": "true"
                                                  },
                                                  "name": "twx-col",
                                                  "children": [
                                                    {
                                                      "name": "twx-container-content"
                                                    }
                                                  ]
                                                }
                                              ]
                                            }
                                          ]
                                        },
                                        {
                                          "attributes": {
                                            "twx-widget": "",
                                            "widget-id": "row-3",
                                            "widget-name": "row-3",
                                            "is-widget-container": "true",
                                            "rowheight": "100px"
                                          },
                                          "name": "twx-row",
                                          "children": [
                                            {
                                              "name": "twx-container-content",
                                              "children": [
                                                {
                                                  "attributes": {
                                                    "twx-widget": "",
                                                    "widget-id": "column-3",
                                                    "widget-name": "column-3",
                                                    "is-widget-container": "true"
                                                  },
                                                  "name": "twx-col",
                                                  "children": [
                                                    {
                                                      "name": "twx-container-content"
                                                    }
                                                  ]
                                                }
                                              ]
                                            }
                                          ]
                                        },
                                        {
                                          "attributes": {
                                            "twx-widget": "",
                                            "widget-id": "row-4",
                                            "widget-name": "row-4",
                                            "is-widget-container": "true",
                                            "rowheight": "100px"
                                          },
                                          "name": "twx-row",
                                          "children": [
                                            {
                                              "name": "twx-container-content",
                                              "children": [
                                                {
                                                  "attributes": {
                                                    "twx-widget": "",
                                                    "widget-id": "column-4",
                                                    "widget-name": "column-4",
                                                    "is-widget-container": "true"
                                                  },
                                                  "name": "twx-col",
                                                  "children": [
                                                    {
                                                      "name": "twx-container-content"
                                                    }
                                                  ]
                                                }
                                              ]
                                            }
                                          ]
                                        },
                                        {
                                          "attributes": {
                                            "twx-widget": "",
                                            "widget-id": "row-5",
                                            "widget-name": "row-5",
                                            "is-widget-container": "true",
                                            "rowheight": "100px"
                                          },
                                          "name": "twx-row",
                                          "children": [
                                            {
                                              "name": "twx-container-content",
                                              "children": [
                                                {
                                                  "attributes": {
                                                    "twx-widget": "",
                                                    "widget-id": "column-5",
                                                    "widget-name": "column-5",
                                                    "is-widget-container": "true"
                                                  },
                                                  "name": "twx-col",
                                                  "children": [
                                                    {
                                                      "name": "twx-container-content"
                                                    }
                                                  ]
                                                }
                                              ]
                                            }
                                          ]
                                        },
                                        {
                                          "attributes": {
                                            "twx-widget": "",
                                            "widget-id": "row-6",
                                            "widget-name": "row-6",
                                            "is-widget-container": "true",
                                            "rowheight": "100px"
                                          },
                                          "name": "twx-row",
                                          "children": [
                                            {
                                              "name": "twx-container-content",
                                              "children": [
                                                {
                                                  "attributes": {
                                                    "twx-widget": "",
                                                    "widget-id": "column-7",
                                                    "widget-name": "column-7",
                                                    "is-widget-container": "true"
                                                  },
                                                  "name": "twx-col",
                                                  "children": [
                                                    {
                                                      "name": "twx-container-content"
                                                    }
                                                  ]
                                                }
                                              ]
                                            }
                                          ]
                                        },
                                        {
                                          "attributes": {
                                            "twx-widget": "",
                                            "widget-id": "row-7",
                                            "widget-name": "row-7",
                                            "is-widget-container": "true",
                                            "rowheight": "100px"
                                          },
                                          "name": "twx-row",
                                          "children": [
                                            {
                                              "name": "twx-container-content",
                                              "children": [
                                                {
                                                  "attributes": {
                                                    "twx-widget": "",
                                                    "widget-id": "column-8",
                                                    "widget-name": "column-8",
                                                    "is-widget-container": "true"
                                                  },
                                                  "name": "twx-col",
                                                  "children": [
                                                    {
                                                      "name": "twx-container-content"
                                                    }
                                                  ]
                                                }
                                              ]
                                            }
                                          ]
                                        },
                                        {
                                          "attributes": {
                                            "twx-widget": "",
                                            "widget-id": "row-8",
                                            "widget-name": "row-8",
                                            "is-widget-container": "true",
                                            "rowheight": "100px"
                                          },
                                          "name": "twx-row",
                                          "children": [
                                            {
                                              "name": "twx-container-content",
                                              "children": [
                                                {
                                                  "attributes": {
                                                    "twx-widget": "",
                                                    "widget-id": "column-9",
                                                    "widget-name": "column-9",
                                                    "is-widget-container": "true",
                                                    "alignment": "center"
                                                  },
                                                  "name": "twx-col",
                                                  "children": [
                                                    {
                                                      "name": "twx-container-content",
                                                      "children": [
                                                        {
                                                          "attributes": {
                                                            "twx-widget": "",
                                                            "widget-id": "button-2",
                                                            "widget-name": "button-2",
                                                            "text": "Rewind"
                                                          },
                                                          "name": "twx-button",
                                                          "children": [
                                                            {
                                                              "attributes": {
                                                                "eventbind-id": "eb-1622838763700",
                                                                "source-type": "widget",
                                                                "source-label": "Button",
                                                                "source-name": "button-2",
                                                                "source-event": "click",
                                                                "handler-type": "ui",
                                                                "handler-name": "model-1",
                                                                "handler-service": "rewind",
                                                                "handler-path": "app.view[\"Home\"].wdg[\"model-1\"].svc.rewind"
                                                              },
                                                              "name": "twx-eventbind"
                                                            }
                                                          ]
                                                        }
                                                      ]
                                                    }
                                                  ]
                                                },
                                                {
                                                  "attributes": {
                                                    "twx-widget": "",
                                                    "widget-id": "column-14",
                                                    "widget-name": "column-14",
                                                    "is-widget-container": "true",
                                                    "alignment": "center"
                                                  },
                                                  "name": "twx-col",
                                                  "children": [
                                                    {
                                                      "name": "twx-container-content",
                                                      "children": [
                                                        {
                                                          "attributes": {
                                                            "twx-widget": "",
                                                            "widget-id": "button-3",
                                                            "widget-name": "button-3",
                                                            "text": "Play"
                                                          },
                                                          "name": "twx-button",
                                                          "children": [
                                                            {
                                                              "attributes": {
                                                                "eventbind-id": "eb-1622838755511",
                                                                "source-type": "widget",
                                                                "source-label": "Button",
                                                                "source-name": "button-3",
                                                                "source-event": "click",
                                                                "handler-type": "ui",
                                                                "handler-name": "model-1",
                                                                "handler-service": "play",
                                                                "handler-path": "app.view[\"Home\"].wdg[\"model-1\"].svc.play"
                                                              },
                                                              "name": "twx-eventbind"
                                                            }
                                                          ]
                                                        }
                                                      ]
                                                    }
                                                  ]
                                                }
                                              ]
                                            }
                                          ]
                                        }
                                      ]
                                    }
                                  ]
                                }
                              ]
                            }
                          ]
                        },
                        {
                          "attributes": {
                            "twx-widget": "",
                            "widget-id": "panel-4",
                            "widget-name": "Right Panel",
                            "is-widget-container": "true",
                            "position": "right"
                          },
                          "name": "twx-overlay-container",
                          "children": [
                            {
                              "name": "twx-container-content",
                              "children": [
                                {
                                  "attributes": {
                                    "twx-widget": "",
                                    "widget-id": "gridLayout-4",
                                    "widget-name": "gridLayout-4",
                                    "is-widget-container": "true"
                                  },
                                  "name": "twx-gridlayout",
                                  "children": [
                                    {
                                      "name": "twx-container-content",
                                      "children": [
                                        {
                                          "attributes": {
                                            "twx-widget": "",
                                            "widget-id": "row-14",
                                            "widget-name": "row-14",
                                            "is-widget-container": "true"
                                          },
                                          "name": "twx-row",
                                          "children": [
                                            {
                                              "name": "twx-container-content",
                                              "children": [
                                                {
                                                  "attributes": {
                                                    "twx-widget": "",
                                                    "widget-id": "column-15",
                                                    "widget-name": "column-15",
                                                    "is-widget-container": "true",
                                                    "padding": "4px"
                                                  },
                                                  "name": "twx-col",
                                                  "children": [
                                                    {
                                                      "name": "twx-container-content",
                                                      "children": [
                                                        {
                                                          "attributes": {
                                                            "twx-widget": "",
                                                            "widget-id": "button-1",
                                                            "widget-name": "button-1",
                                                            "text": "Camera",
                                                            "class": ""
                                                          },
                                                          "name": "twx-button",
                                                          "children": [
                                                            {
                                                              "attributes": {
                                                                "eventbind-id": "eb-1622216967577",
                                                                "source-type": "widget",
                                                                "source-label": "Button",
                                                                "source-name": "button-1",
                                                                "source-event": "click",
                                                                "handler-type": "ui",
                                                                "handler-name": "camera-2",
                                                                "handler-service": "takePicture",
                                                                "handler-path": "app.view[\"Home\"].wdg[\"camera-2\"].svc.takePicture"
                                                              },
                                                              "name": "twx-eventbind"
                                                            }
                                                          ]
                                                        }
                                                      ]
                                                    }
                                                  ]
                                                }
                                              ]
                                            }
                                          ]
                                        },
                                        {
                                          "attributes": {
                                            "twx-widget": "",
                                            "widget-id": "row-15",
                                            "widget-name": "row-15",
                                            "is-widget-container": "true"
                                          },
                                          "name": "twx-row",
                                          "children": [
                                            {
                                              "name": "twx-container-content",
                                              "children": [
                                                {
                                                  "attributes": {
                                                    "twx-widget": "",
                                                    "widget-id": "column-16",
                                                    "widget-name": "column-16",
                                                    "is-widget-container": "true",
                                                    "padding": "4px"
                                                  },
                                                  "name": "twx-col",
                                                  "children": [
                                                    {
                                                      "name": "twx-container-content",
                                                      "children": [
                                                        {
                                                          "attributes": {
                                                            "twx-widget": "",
                                                            "widget-id": "toggleButton-1",
                                                            "background-color": "#000",
                                                            "widget-name": "toggleButton-1",
                                                            "class": "",
                                                            "src": "Uploaded/finishedButton.PNG",
                                                            "srcnotpressed": "Uploaded/finishedButton.PNG",
                                                            "width": "95%",
                                                            "height": "100%"
                                                          },
                                                          "name": "twx-toggle-button",
                                                          "children": [
                                                            {
                                                              "attributes": {
                                                                "eventbind-id": "eb-1623101586969",
                                                                "source-type": "widget",
                                                                "source-label": "Toggle Button",
                                                                "source-name": "toggleButton-1",
                                                                "source-event": "pressed",
                                                                "handler-type": "ui",
                                                                "handler-name": "popup-2",
                                                                "handler-service": "showpopup",
                                                                "handler-path": "app.view[\"Home\"].wdg[\"popup-2\"].svc.showpopup"
                                                              },
                                                              "name": "twx-eventbind"
                                                            },
                                                            {
                                                              "attributes": {
                                                                "eventbind-id": "eb-1626756934754",
                                                                "source-type": "widget",
                                                                "source-label": "Toggle Button",
                                                                "source-name": "toggleButton-1",
                                                                "source-event": "pressed",
                                                                "handler-type": "data",
                                                                "handler-name": "Maintenance_Assembly_Template",
                                                                "handler-service": "addEndTime_2",
                                                                "handler-path": "app.mdl.Maintenance_Assembly_Template.svc.addEndTime_2"
                                                              },
                                                              "name": "twx-eventbind"
                                                            }
                                                          ]
                                                        }
                                                      ]
                                                    }
                                                  ]
                                                }
                                              ]
                                            }
                                          ]
                                        },
                                        {
                                          "attributes": {
                                            "twx-widget": "",
                                            "widget-id": "row-19",
                                            "widget-name": "row-19",
                                            "is-widget-container": "true"
                                          },
                                          "name": "twx-row",
                                          "children": [
                                            {
                                              "name": "twx-container-content"
                                            }
                                          ]
                                        }
                                      ]
                                    }
                                  ]
                                }
                              ]
                            }
                          ]
                        }
                      ]
                    }
                  ]
                },
                {
                  "attributes": {
                    "twx-widget": "",
                    "widget-id": "panel-5",
                    "widget-name": "Bottom Panel",
                    "is-widget-container": "true",
                    "position": "bottom"
                  },
                  "name": "twx-overlay-container",
                  "children": [
                    {
                      "name": "twx-container-content"
                    }
                  ]
                }
              ]
            }
          ]
        }
      ]
    },
    {
      "name": "twx-fragment-parameters"
    },
    {
      "name": "twx-view-data"
    }
  ],
  "name": "twx-view"
}
