{"/":{"":{"Adapter_name":"fbx2pv","Adapter_platform":"apple_osx","Adapter_version":"7.1.0.0 - (0.49.0.36)","Source_file_name":"ingenuity.fbx"},"__PV_SystemProperties":{"Child Count":"11","Component Name":"ingenuity","Display Name":"ingenuity","Model Extents (mm)":"1178.5","OL File Name":"","Part Depth":"1","Part ID Path":"/","Part Name":"ingenuity","Part Path":"ingenuity"}},"/44":{"__PV_SystemProperties":{"Child Count":"0","Component Name":"bus","Display Name":"bus","Model Extents (mm)":"197.635","OL File Name":"ingenuity.ol","Part Depth":"2","Part ID":"44","Part ID Path":"/44","Part Name":"bus","Part Path":"ingenuity/bus"}},"/45":{"__PV_SystemProperties":{"Child Count":"0","Component Name":"cams","Display Name":"cams","Model Extents (mm)":"75.6387","OL File Name":"ingenuity_2.ol","Part Depth":"2","Part ID":"45","Part ID Path":"/45","Part Name":"cams","Part Path":"ingenuity/cams"}},"/46":{"__PV_SystemProperties":{"Child Count":"0","Component Name":"leg_01","Display Name":"leg_01","Model Extents (mm)":"310.805","OL File Name":"ingenuity_3.ol","Part Depth":"2","Part ID":"46","Part ID Path":"/46","Part Name":"leg_01","Part Path":"ingenuity/leg_01"}},"/47":{"__PV_SystemProperties":{"Child Count":"0","Component Name":"leg_02","Display Name":"leg_02","Model Extents (mm)":"310.805","OL File Name":"ingenuity_4.ol","Part Depth":"2","Part ID":"47","Part ID Path":"/47","Part Name":"leg_02","Part Path":"ingenuity/leg_02"}},"/48":{"__PV_SystemProperties":{"Child Count":"0","Component Name":"leg_03","Display Name":"leg_03","Model Extents (mm)":"291.663","OL File Name":"ingenuity_5.ol","Part Depth":"2","Part ID":"48","Part ID Path":"/48","Part Name":"leg_03","Part Path":"ingenuity/leg_03"}},"/49":{"__PV_SystemProperties":{"Child Count":"0","Component Name":"leg_04","Display Name":"leg_04","Model Extents (mm)":"290.196","OL File Name":"ingenuity_6.ol","Part Depth":"2","Part ID":"49","Part ID Path":"/49","Part Name":"leg_04","Part Path":"ingenuity/leg_04"}},"/50":{"__PV_SystemProperties":{"Child Count":"0","Component Name":"parts_01","Display Name":"parts_01","Model Extents (mm)":"60.8817","OL File Name":"ingenuity_7.ol","Part Depth":"2","Part ID":"50","Part ID Path":"/50","Part Name":"parts_01","Part Path":"ingenuity/parts_01"}},"/51":{"__PV_SystemProperties":{"Child Count":"0","Component Name":"parts_02","Display Name":"parts_02","Model Extents (mm)":"60.8817","OL File Name":"ingenuity_8.ol","Part Depth":"2","Part ID":"51","Part ID Path":"/51","Part Name":"parts_02","Part Path":"ingenuity/parts_02"}},"/52":{"__PV_SystemProperties":{"Child Count":"0","Component Name":"rotors_01","Display Name":"rotors_01","Model Extents (mm)":"1178.5","OL File Name":"ingenuity_9.ol","Part Depth":"2","Part ID":"52","Part ID Path":"/52","Part Name":"rotors_01","Part Path":"ingenuity/rotors_01"}},"/53":{"__PV_SystemProperties":{"Child Count":"0","Component Name":"rotors_02","Display Name":"rotors_02","Model Extents (mm)":"1006.31","OL File Name":"ingenuity_10.ol","Part Depth":"2","Part ID":"53","Part ID Path":"/53","Part Name":"rotors_02","Part Path":"ingenuity/rotors_02"}},"/54":{"__PV_SystemProperties":{"Child Count":"0","Component Name":"solar_panel","Display Name":"solar_panel","Model Extents (mm)":"424.995","OL File Name":"ingenuity_11.ol","Part Depth":"2","Part ID":"54","Part ID Path":"/54","Part Name":"solar_panel","Part Path":"ingenuity/solar_panel"}}}
